B00, 23
B00, Trade, 96326.750, 65, B00, S00, 1
B00, Trade, 100330.958, 65, B00, S00, 1
B00, Trade, 144749.542, 65, B00, S00, 1
B00, Trade, 145473.542, 65, B00, S00, 1
B00, Trade, 146632.000, 65, B00, S00, 1
B00, Trade, 146977.792, 65, B00, S00, 1
B00, Trade, 146987.708, 65, B00, S00, 1
B00, Trade, 148549.500, 65, B00, S00, 1
B00, Trade, 148970.417, 65, B00, S00, 1
B00, Trade, 149177.000, 65, B00, S00, 1
B00, Trade, 149538.917, 65, B00, S00, 1
B00, Trade, 149909.250, 65, B00, S00, 1
B00, Trade, 150450.167, 65, B00, S00, 1
B00, Trade, 150864.667, 65, B00, S00, 1
B00, Trade, 239169.958, 200, B00, S00, 1
B00, Trade, 397888.333, 200, B00, S00, 1
B00, Trade, 398449.042, 200, B00, S00, 1
B00, Trade, 399856.083, 200, B00, S00, 1
B00, Trade, 400474.292, 200, B00, S00, 1
B00, Trade, 402429.458, 200, B00, S00, 1
B00, Trade, 402605.083, 200, B00, S00, 1
B00, Trade, 421379.042, 65, B00, S00, 1
B00, Trade, 472771.792, 65, B00, S00, 1
B01, 100
B01, Trade, 555569.042, 76, B01, S00, 1
B01, Trade, 555865.708, 76, B01, S00, 1
B01, Trade, 556225.708, 69, S00, B01, 1
B01, Trade, 556479.917, 76, B01, S00, 1
B01, Trade, 556555.583, 76, B01, S00, 1
B01, Trade, 556849.542, 75, B01, S00, 1
B01, Trade, 557006.500, 76, B01, S00, 1
B01, Trade, 557337.000, 76, B01, S00, 1
B01, Trade, 557368.208, 75, B01, S00, 1
B01, Trade, 557393.083, 76, B01, S00, 1
B01, Trade, 558431.917, 76, B01, S00, 1
B01, Trade, 558608.708, 74, B01, S00, 1
B01, Trade, 558652.375, 73, B01, S00, 1
B01, Trade, 558674.500, 75, B01, S00, 1
B01, Trade, 558738.625, 75, B01, S00, 1
B01, Trade, 559125.583, 76, B01, S00, 1
B01, Trade, 559180.833, 75, B01, S00, 1
B01, Trade, 559354.125, 76, B01, S00, 1
B01, Trade, 559387.000, 74, B01, S00, 1
B01, Trade, 559474.125, 76, B01, S00, 1
B01, Trade, 559515.417, 76, B01, S00, 1
B01, Trade, 559558.667, 76, B01, S00, 1
B01, Trade, 559980.875, 76, B01, S00, 1
B01, Trade, 560129.792, 75, B01, S00, 1
B01, Trade, 560158.708, 76, B01, S00, 1
B01, Trade, 560169.667, 75, B01, S00, 1
B01, Trade, 560858.750, 76, B01, S00, 1
B01, Trade, 560905.875, 76, B01, S00, 1
B01, Trade, 560972.125, 76, B01, S00, 1
B01, Trade, 561073.167, 75, B01, S00, 1
B01, Trade, 561156.000, 76, B01, S00, 1
B01, Trade, 561351.292, 76, B01, S00, 1
B01, Trade, 561428.083, 68, S00, B01, 1
B01, Trade, 561509.292, 76, B01, S00, 1
B01, Trade, 561524.792, 76, B01, S00, 1
B01, Trade, 561593.375, 75, B01, S00, 1
B01, Trade, 561942.208, 73, B01, S00, 1
B01, Trade, 562197.542, 76, B01, S00, 1
B01, Trade, 562209.667, 76, B01, S00, 1
B01, Trade, 562487.167, 76, B01, S00, 1
B01, Trade, 562586.833, 76, B01, S00, 1
B01, Trade, 562593.250, 75, B01, S00, 1
B01, Trade, 562672.917, 76, B01, S00, 1
B01, Trade, 562771.750, 76, B01, S00, 1
B01, Trade, 562854.750, 76, B01, S00, 1
B01, Trade, 563292.833, 76, B01, S00, 1
B01, Trade, 563340.708, 76, B01, S00, 1
B01, Trade, 563913.875, 74, B01, S00, 1
B01, Trade, 564066.208, 75, B01, S00, 1
B01, Trade, 564161.542, 75, B01, S00, 1
B01, Trade, 564257.708, 76, B01, S00, 1
B01, Trade, 565102.625, 76, B01, S00, 1
B01, Trade, 565167.083, 74, B01, S00, 1
B01, Trade, 565237.333, 74, B01, S00, 1
B01, Trade, 565246.125, 76, B01, S00, 1
B01, Trade, 565541.000, 76, B01, S00, 1
B01, Trade, 565805.792, 76, B01, S00, 1
B01, Trade, 566247.500, 76, B01, S00, 1
B01, Trade, 566442.542, 76, B01, S00, 1
B01, Trade, 566531.417, 76, B01, S00, 1
B01, Trade, 566573.083, 75, B01, S00, 1
B01, Trade, 566609.750, 76, B01, S00, 1
B01, Trade, 566763.250, 76, B01, S00, 1
B01, Trade, 566854.583, 76, B01, S00, 1
B01, Trade, 566878.750, 76, B01, S00, 1
B01, Trade, 567001.333, 76, B01, S00, 1
B01, Trade, 567084.917, 76, B01, S00, 1
B01, Trade, 567181.042, 76, B01, S00, 1
B01, Trade, 567427.417, 76, B01, S00, 1
B01, Trade, 567825.542, 76, B01, S00, 1
B01, Trade, 568274.792, 76, B01, S00, 1
B01, Trade, 568330.833, 75, B01, S00, 1
B01, Trade, 568622.875, 76, B01, S00, 1
B01, Trade, 568672.542, 73, B01, S00, 1
B01, Trade, 568688.833, 76, B01, S00, 1
B01, Trade, 571915.042, 76, B01, S00, 1
B01, Trade, 574850.500, 76, B01, S00, 1
B01, Trade, 583283.208, 70, B01, S00, 1
B01, Trade, 583708.000, 76, B01, S00, 1
B01, Trade, 584370.250, 76, B01, S00, 1
B01, Trade, 584430.625, 76, B01, S00, 1
B01, Trade, 584548.417, 76, B01, S00, 1
B01, Trade, 585901.750, 76, B01, S00, 1
B01, Trade, 586310.958, 76, B01, S00, 1
B01, Trade, 586773.583, 66, B01, S00, 1
B01, Trade, 587005.083, 76, B01, S00, 1
B01, Trade, 587069.083, 76, B01, S00, 1
B01, Trade, 588965.500, 76, B01, S00, 1
B01, Trade, 589067.333, 76, B01, S00, 1
B01, Trade, 589291.667, 76, B01, S00, 1
B01, Trade, 590691.083, 66, S00, B01, 1
B01, Trade, 591351.708, 76, B01, S00, 1
B01, Trade, 595999.625, 76, B01, S00, 1
B01, Trade, 596973.625, 70, B01, S00, 1
B01, Trade, 597985.125, 76, B01, S00, 1
B01, Trade, 598762.542, 76, B01, S00, 1
B01, Trade, 599588.125, 76, B01, S00, 1
B01, Trade, 600052.125, 76, B01, S00, 1
B01, Trade, 603189.625, 76, B01, S00, 1
B01, Trade, 603659.542, 76, B01, S00, 1
B02, 100
B02, Trade, 546793.917, 87, B02, S02, 1
B02, Trade, 546801.083, 87, B02, S02, 1
B02, Trade, 546894.167, 87, B02, S00, 1
B02, Trade, 547025.542, 83, B02, S00, 1
B02, Trade, 547048.083, 87, B02, S00, 1
B02, Trade, 547136.792, 87, B02, S01, 1
B02, Trade, 547183.750, 87, B02, S00, 1
B02, Trade, 547199.750, 87, B02, S00, 1
B02, Trade, 550306.083, 87, B02, S02, 1
B02, Trade, 552774.583, 87, B02, S01, 1
B02, Trade, 553642.542, 87, B02, S01, 1
B02, Trade, 554170.625, 87, B02, S02, 1
B02, Trade, 557836.167, 77, B02, S00, 1
B02, Trade, 559637.500, 74, B02, S00, 1
B02, Trade, 560451.375, 82, B02, S00, 1
B02, Trade, 560524.667, 78, S00, B02, 1
B02, Trade, 567042.542, 65, S00, B02, 1
B02, Trade, 567339.833, 75, S00, B02, 1
B02, Trade, 568330.292, 75, B02, S00, 1
B02, Trade, 568807.958, 87, B02, S00, 1
B02, Trade, 569031.292, 87, B02, S00, 1
B02, Trade, 569584.667, 86, B02, S01, 1
B02, Trade, 569827.083, 87, B02, S01, 1
B02, Trade, 569899.542, 87, B02, S00, 1
B02, Trade, 570219.500, 87, B02, S00, 1
B02, Trade, 570592.167, 87, B02, S00, 1
B02, Trade, 570606.208, 87, B02, S01, 1
B02, Trade, 570747.500, 87, B02, S00, 1
B02, Trade, 570951.750, 87, B02, S00, 1
B02, Trade, 571035.542, 87, B02, S00, 1
B02, Trade, 571084.000, 80, B02, S00, 1
B02, Trade, 571092.792, 80, B02, S00, 1
B02, Trade, 571104.125, 87, B02, S00, 1
B02, Trade, 571349.667, 87, B02, S00, 1
B02, Trade, 571416.958, 87, B02, S00, 1
B02, Trade, 571544.917, 87, B02, S00, 1
B02, Trade, 571913.125, 87, B02, S01, 1
B02, Trade, 571993.250, 87, B02, S00, 1
B02, Trade, 572470.583, 77, B02, S00, 1
B02, Trade, 572601.042, 87, B02, S00, 1
B02, Trade, 572671.083, 80, B02, S00, 1
B02, Trade, 572706.833, 87, B02, S01, 1
B02, Trade, 572845.208, 87, B02, S00, 1
B02, Trade, 572887.042, 87, B02, S00, 1
B02, Trade, 572962.542, 87, B02, S00, 1
B02, Trade, 573145.292, 87, B02, S00, 1
B02, Trade, 573611.708, 83, B02, S00, 1
B02, Trade, 573995.250, 87, B02, S00, 1
B02, Trade, 574032.375, 87, B02, S00, 1
B02, Trade, 574334.292, 80, B02, S00, 1
B02, Trade, 574491.917, 87, B02, S00, 1
B02, Trade, 574744.583, 87, B02, S00, 1
B02, Trade, 575026.750, 87, B02, S01, 1
B02, Trade, 575070.458, 87, B02, S00, 1
B02, Trade, 575318.833, 87, B02, S00, 1
B02, Trade, 575551.500, 87, B02, S00, 1
B02, Trade, 575992.000, 87, B02, S00, 1
B02, Trade, 578745.292, 85, B02, S01, 1
B02, Trade, 578871.750, 87, B02, S01, 1
B02, Trade, 585798.792, 79, B02, S00, 1
B02, Trade, 590898.042, 72, B02, S00, 1
B02, Trade, 592332.125, 79, B02, S00, 1
B02, Trade, 592962.292, 68, B02, S00, 1
B02, Trade, 595864.500, 70, B02, S00, 1
B02, Trade, 597618.667, 87, B02, S00, 1
B02, Trade, 597725.792, 87, B02, S00, 1
B02, Trade, 597768.458, 87, B02, S02, 1
B02, Trade, 598146.667, 87, B02, S00, 1
B02, Trade, 598192.375, 87, B02, S00, 1
B02, Trade, 598342.750, 87, B02, S00, 1
B02, Trade, 598629.250, 87, B02, S00, 1
B02, Trade, 599081.625, 87, B02, S00, 1
B02, Trade, 599133.667, 87, B02, S02, 1
B02, Trade, 599273.292, 87, B02, S01, 1
B02, Trade, 599349.708, 87, B02, S02, 1
B02, Trade, 599416.792, 87, B02, S01, 1
B02, Trade, 599475.042, 83, B02, S00, 1
B02, Trade, 599778.417, 87, B02, S00, 1
B02, Trade, 599823.792, 87, B02, S00, 1
B02, Trade, 599922.000, 87, B02, S00, 1
B02, Trade, 599989.583, 87, B02, S00, 1
B02, Trade, 600209.542, 87, B02, S01, 1
B02, Trade, 600412.083, 87, B02, S01, 1
B02, Trade, 600421.458, 87, B02, S00, 1
B02, Trade, 600973.417, 87, B02, S00, 1
B02, Trade, 601275.875, 87, B02, S00, 1
B02, Trade, 601301.125, 87, B02, S00, 1
B02, Trade, 601449.083, 87, B02, S02, 1
B02, Trade, 601479.833, 87, B02, S01, 1
B02, Trade, 602100.375, 87, B02, S00, 1
B02, Trade, 602122.292, 87, B02, S00, 1
B02, Trade, 602305.250, 79, B02, S01, 1
B02, Trade, 602906.917, 87, B02, S00, 1
B02, Trade, 603074.583, 87, B02, S01, 1
B02, Trade, 603185.375, 87, B02, S02, 1
B02, Trade, 603508.292, 87, B02, S00, 1
B02, Trade, 603659.375, 87, B02, S01, 1
B02, Trade, 604199.208, 87, B02, S00, 1
B02, Trade, 604359.083, 87, B02, S00, 1
B02, Trade, 604637.875, 87, B02, S01, 1
B03, 100
B03, Trade, 602274.875, 97, B03, S02, 1
B03, Trade, 602297.292, 99, B03, S01, 1
B03, Trade, 602304.708, 99, B03, S02, 1
B03, Trade, 602322.958, 98, B03, S02, 1
B03, Trade, 602339.083, 99, B03, S02, 1
B03, Trade, 602348.125, 99, B03, S00, 1
B03, Trade, 602410.792, 99, B03, S00, 1
B03, Trade, 602420.083, 99, B03, S02, 1
B03, Trade, 602436.875, 98, B03, S02, 1
B03, Trade, 602455.417, 99, B03, S03, 1
B03, Trade, 602488.667, 99, B03, S02, 1
B03, Trade, 602502.000, 98, B03, S01, 1
B03, Trade, 602512.000, 98, B03, S00, 1
B03, Trade, 602562.583, 98, B03, S02, 1
B03, Trade, 602596.792, 99, B03, S02, 1
B03, Trade, 602601.667, 99, B03, S02, 1
B03, Trade, 602620.583, 96, B03, S00, 1
B03, Trade, 602685.792, 98, B03, S00, 1
B03, Trade, 602760.083, 98, B03, S02, 1
B03, Trade, 602781.417, 99, B03, S02, 1
B03, Trade, 602802.375, 99, B03, S00, 1
B03, Trade, 602842.000, 97, B03, S02, 1
B03, Trade, 602876.125, 98, B03, S00, 1
B03, Trade, 602878.125, 99, B03, S00, 1
B03, Trade, 602891.500, 98, B03, S02, 1
B03, Trade, 602898.917, 98, B03, S00, 1
B03, Trade, 602906.875, 98, B03, S01, 1
B03, Trade, 602933.375, 99, B03, S00, 1
B03, Trade, 602938.833, 98, B03, S01, 1
B03, Trade, 602953.250, 99, B03, S02, 1
B03, Trade, 602979.500, 98, B03, S02, 1
B03, Trade, 602996.917, 98, B03, S01, 1
B03, Trade, 603003.250, 99, B03, S02, 1
B03, Trade, 603009.875, 99, B03, S02, 1
B03, Trade, 603074.167, 99, B03, S02, 1
B03, Trade, 603102.750, 99, B03, S01, 1
B03, Trade, 603122.125, 99, B03, S02, 1
B03, Trade, 603136.125, 99, B03, S01, 1
B03, Trade, 603215.250, 98, B03, S02, 1
B03, Trade, 603286.500, 99, B03, S00, 1
B03, Trade, 603300.417, 98, B03, S00, 1
B03, Trade, 603315.083, 99, B03, S01, 1
B03, Trade, 603333.208, 99, B03, S01, 1
B03, Trade, 603352.500, 99, B03, S02, 1
B03, Trade, 603379.958, 98, B03, S00, 1
B03, Trade, 603394.375, 98, B03, S02, 1
B03, Trade, 603401.500, 99, B03, S00, 1
B03, Trade, 603462.833, 97, B03, S00, 1
B03, Trade, 603483.458, 99, B03, S00, 1
B03, Trade, 603509.458, 98, B03, S02, 1
B03, Trade, 603523.958, 97, B03, S02, 1
B03, Trade, 603555.250, 83, S01, B03, 1
B03, Trade, 603563.958, 98, B03, S02, 1
B03, Trade, 603647.583, 99, B03, S02, 1
B03, Trade, 603659.292, 99, B03, S02, 1
B03, Trade, 603667.125, 99, B03, S02, 1
B03, Trade, 603672.292, 99, B03, S01, 1
B03, Trade, 603685.458, 99, B03, S01, 1
B03, Trade, 603691.542, 97, B03, S00, 1
B03, Trade, 603712.125, 99, B03, S01, 1
B03, Trade, 603764.792, 99, B03, S00, 1
B03, Trade, 603784.208, 98, B03, S01, 1
B03, Trade, 603835.833, 98, B03, S02, 1
B03, Trade, 603864.958, 96, B03, S00, 1
B03, Trade, 603873.458, 99, B03, S00, 1
B03, Trade, 603877.583, 89, S02, B03, 1
B03, Trade, 603886.167, 96, B03, S02, 1
B03, Trade, 603894.750, 99, B03, S01, 1
B03, Trade, 603917.417, 98, B03, S01, 1
B03, Trade, 603926.792, 99, B03, S02, 1
B03, Trade, 603950.542, 97, S02, B03, 1
B03, Trade, 604012.333, 99, B03, S00, 1
B03, Trade, 604035.000, 99, B03, S01, 1
B03, Trade, 604131.292, 99, B03, S00, 1
B03, Trade, 604198.833, 97, B03, S01, 1
B03, Trade, 604209.417, 99, B03, S00, 1
B03, Trade, 604211.917, 99, B03, S01, 1
B03, Trade, 604222.167, 99, B03, S01, 1
B03, Trade, 604233.750, 98, B03, S00, 1
B03, Trade, 604243.750, 99, B03, S00, 1
B03, Trade, 604259.625, 98, B03, S00, 1
B03, Trade, 604288.625, 99, B03, S00, 1
B03, Trade, 604302.875, 96, B03, S01, 1
B03, Trade, 604405.500, 99, B03, S02, 1
B03, Trade, 604416.333, 99, B03, S00, 1
B03, Trade, 604531.083, 99, B03, S02, 1
B03, Trade, 604543.958, 99, B03, S00, 1
B03, Trade, 604569.875, 99, B03, S02, 1
B03, Trade, 604593.625, 99, B03, S00, 1
B03, Trade, 604601.292, 99, B03, S02, 1
B03, Trade, 604609.458, 99, B03, S01, 1
B03, Trade, 604637.583, 94, B03, S00, 1
B03, Trade, 604641.125, 97, B03, S01, 1
B03, Trade, 604652.750, 99, B03, S01, 1
B03, Trade, 604662.167, 99, B03, S01, 1
B03, Trade, 604677.375, 96, B03, S00, 1
B03, Trade, 604682.625, 99, B03, S02, 1
B03, Trade, 604745.792, 98, B03, S00, 1
B03, Trade, 604759.792, 99, B03, S00, 1
B03, Trade, 604768.500, 99, B03, S02, 1
B04, 100
B04, Trade, 603732.333, 109, B04, S01, 1
B04, Trade, 603743.917, 109, B04, S01, 1
B04, Trade, 603749.042, 110, B04, S02, 1
B04, Trade, 603750.375, 110, B04, S00, 1
B04, Trade, 603764.208, 110, B04, S03, 1
B04, Trade, 603780.208, 110, B04, S02, 1
B04, Trade, 603806.292, 110, B04, S00, 1
B04, Trade, 603813.458, 108, B04, S00, 1
B04, Trade, 603827.167, 110, B04, S01, 1
B04, Trade, 603829.333, 110, B04, S01, 1
B04, Trade, 603847.250, 107, B04, S01, 1
B04, Trade, 603860.208, 110, B04, S03, 1
B04, Trade, 603865.917, 103, B04, S02, 1
B04, Trade, 603872.750, 110, B04, S03, 1
B04, Trade, 603887.750, 108, B04, S01, 1
B04, Trade, 603909.542, 108, B04, S02, 1
B04, Trade, 603916.333, 110, B04, S02, 1
B04, Trade, 603926.750, 110, B04, S01, 1
B04, Trade, 603934.625, 110, B04, S01, 1
B04, Trade, 603943.042, 110, B04, S02, 1
B04, Trade, 603950.083, 110, B04, S01, 1
B04, Trade, 603957.875, 110, B04, S01, 1
B04, Trade, 603962.333, 105, B04, S00, 1
B04, Trade, 603979.292, 110, B04, S02, 1
B04, Trade, 603984.792, 110, B04, S02, 1
B04, Trade, 603987.042, 110, B04, S00, 1
B04, Trade, 603997.667, 110, B04, S03, 1
B04, Trade, 604018.958, 110, B04, S02, 1
B04, Trade, 604034.792, 110, B04, S02, 1
B04, Trade, 604073.292, 110, B04, S01, 1
B04, Trade, 604074.625, 101, S03, B04, 1
B04, Trade, 604082.833, 109, B04, S03, 1
B04, Trade, 604109.333, 108, B04, S01, 1
B04, Trade, 604118.667, 110, B04, S00, 1
B04, Trade, 604121.792, 110, B04, S02, 1
B04, Trade, 604127.833, 110, B04, S01, 1
B04, Trade, 604131.250, 110, B04, S02, 1
B04, Trade, 604144.292, 110, B04, S01, 1
B04, Trade, 604152.792, 110, B04, S02, 1
B04, Trade, 604190.833, 108, B04, S00, 1
B04, Trade, 604198.583, 108, B04, S02, 1
B04, Trade, 604208.958, 110, B04, S03, 1
B04, Trade, 604210.292, 105, B04, S02, 1
B04, Trade, 604221.000, 110, B04, S02, 1
B04, Trade, 604229.208, 109, B04, S00, 1
B04, Trade, 604240.875, 110, B04, S01, 1
B04, Trade, 604249.917, 110, B04, S03, 1
B04, Trade, 604255.458, 110, B04, S01, 1
B04, Trade, 604263.917, 107, B04, S00, 1
B04, Trade, 604268.583, 110, B04, S03, 1
B04, Trade, 604273.125, 110, B04, S02, 1
B04, Trade, 604287.167, 110, B04, S01, 1
B04, Trade, 604294.917, 110, B04, S00, 1
B04, Trade, 604330.792, 109, B04, S03, 1
B04, Trade, 604338.667, 109, B04, S01, 1
B04, Trade, 604348.167, 109, B04, S00, 1
B04, Trade, 604357.250, 109, B04, S01, 1
B04, Trade, 604364.542, 106, B04, S01, 1
B04, Trade, 604374.083, 110, B04, S00, 1
B04, Trade, 604378.542, 106, S03, B04, 1
B04, Trade, 604392.125, 108, B04, S02, 1
B04, Trade, 604402.875, 110, B04, S00, 1
B04, Trade, 604403.792, 109, B04, S01, 1
B04, Trade, 604411.125, 110, B04, S01, 1
B04, Trade, 604422.458, 110, B04, S01, 1
B04, Trade, 604429.375, 110, B04, S02, 1
B04, Trade, 604453.958, 110, B04, S02, 1
B04, Trade, 604468.542, 110, B04, S01, 1
B04, Trade, 604488.292, 106, B04, S01, 1
B04, Trade, 604493.083, 110, B04, S00, 1
B04, Trade, 604505.167, 109, B04, S00, 1
B04, Trade, 604513.458, 110, B04, S02, 1
B04, Trade, 604530.375, 110, B04, S00, 1
B04, Trade, 604543.583, 110, B04, S02, 1
B04, Trade, 604545.708, 109, B04, S00, 1
B04, Trade, 604557.542, 108, B04, S00, 1
B04, Trade, 604576.500, 110, B04, S01, 1
B04, Trade, 604586.083, 110, B04, S00, 1
B04, Trade, 604592.625, 110, B04, S04, 1
B04, Trade, 604600.667, 109, B04, S02, 1
B04, Trade, 604607.833, 110, B04, S00, 1
B04, Trade, 604611.958, 93, S02, B04, 1
B04, Trade, 604626.667, 110, B04, S00, 1
B04, Trade, 604628.333, 109, B04, S00, 1
B04, Trade, 604637.750, 103, S03, B04, 1
B04, Trade, 604652.250, 107, B04, S03, 1
B04, Trade, 604662.083, 109, B04, S02, 1
B04, Trade, 604675.333, 110, B04, S03, 1
B04, Trade, 604697.750, 109, B04, S02, 1
B04, Trade, 604699.958, 110, B04, S00, 1
B04, Trade, 604710.125, 107, B04, S00, 1
B04, Trade, 604714.375, 110, S04, B04, 1
B04, Trade, 604723.958, 110, B04, S00, 1
B04, Trade, 604733.542, 110, B04, S00, 1
B04, Trade, 604744.583, 110, B04, S00, 1
B04, Trade, 604748.208, 108, B04, S00, 1
B04, Trade, 604750.875, 110, B04, S01, 1
B04, Trade, 604754.958, 107, B04, S02, 1
B04, Trade, 604767.875, 108, B04, S00, 1
B04, Trade, 604796.042, 110, B04, S02, 1
B05, 100
B05, Trade, 604139.375, 121, B05, S01, 1
B05, Trade, 604142.750, 110, B05, S00, 1
B05, Trade, 604147.875, 121, B05, S02, 1
B05, Trade, 604156.917, 121, B05, S02, 1
B05, Trade, 604162.042, 121, B05, S03, 1
B05, Trade, 604169.167, 121, B05, S04, 1
B05, Trade, 604175.458, 114, B05, S02, 1
B05, Trade, 604182.167, 117, B05, S00, 1
B05, Trade, 604188.667, 100, B05, S00, 1
B05, Trade, 604194.625, 110, B05, S02, 1
B05, Trade, 604202.708, 121, B05, S02, 1
B05, Trade, 604208.792, 121, B05, S01, 1
B05, Trade, 604219.125, 102, B05, S03, 1
B05, Trade, 604228.417, 111, B05, S01, 1
B05, Trade, 604238.625, 121, B05, S01, 1
B05, Trade, 604247.417, 121, B05, S00, 1
B05, Trade, 604252.208, 121, B05, S01, 1
B05, Trade, 604258.042, 101, B05, S02, 1
B05, Trade, 604262.458, 116, B05, S02, 1
B05, Trade, 604276.167, 121, B05, S03, 1
B05, Trade, 604282.292, 121, B05, S01, 1
B05, Trade, 604284.417, 111, B05, S02, 1
B05, Trade, 604295.167, 100, B05, S02, 1
B05, Trade, 604299.917, 121, B05, S02, 1
B05, Trade, 604308.625, 115, B05, S02, 1
B05, Trade, 604311.167, 117, B05, S00, 1
B05, Trade, 604313.792, 110, B05, S01, 1
B05, Trade, 604318.625, 111, B05, S02, 1
B05, Trade, 604329.958, 113, B05, S02, 1
B05, Trade, 604333.542, 100, B05, S00, 1
B05, Trade, 604338.583, 121, B05, S02, 1
B05, Trade, 604344.625, 121, B05, S02, 1
B05, Trade, 604349.792, 101, B05, S02, 1
B05, Trade, 604354.542, 109, B05, S00, 1
B05, Trade, 604362.958, 121, B05, S00, 1
B05, Trade, 604370.042, 121, B05, S01, 1
B05, Trade, 604371.333, 112, B05, S00, 1
B05, Trade, 604376.417, 111, B05, S02, 1
B05, Trade, 604381.708, 102, B05, S02, 1
B05, Trade, 604389.958, 121, B05, S00, 1
B05, Trade, 604398.458, 121, B05, S02, 1
B05, Trade, 604415.917, 121, B05, S02, 1
B05, Trade, 604418.042, 89, S02, B05, 1
B05, Trade, 604420.750, 113, B05, S04, 1
B05, Trade, 604426.417, 121, B05, S01, 1
B05, Trade, 604434.250, 121, B05, S04, 1
B05, Trade, 604435.792, 121, B05, S00, 1
B05, Trade, 604442.750, 121, B05, S04, 1
B05, Trade, 604446.000, 112, B05, S02, 1
B05, Trade, 604456.750, 114, B05, S04, 1
B05, Trade, 604464.667, 121, B05, S00, 1
B05, Trade, 604467.167, 121, B05, S04, 1
B05, Trade, 604472.250, 111, B05, S04, 1
B05, Trade, 604477.708, 112, B05, S02, 1
B05, Trade, 604481.625, 117, B05, S00, 1
B05, Trade, 604486.375, 110, B05, S03, 1
B05, Trade, 604495.750, 113, B05, S02, 1
B05, Trade, 604503.000, 114, B05, S03, 1
B05, Trade, 604518.792, 113, B05, S02, 1
B05, Trade, 604526.250, 111, B05, S04, 1
B05, Trade, 604528.667, 111, B05, S02, 1
B05, Trade, 604533.208, 111, B05, S00, 1
B05, Trade, 604541.167, 121, B05, S04, 1
B05, Trade, 604546.500, 88, B05, S02, 1
B05, Trade, 604555.000, 116, B05, S01, 1
B05, Trade, 604561.625, 121, B05, S02, 1
B05, Trade, 604562.000, 118, B05, S04, 1
B05, Trade, 604571.833, 121, B05, S01, 1
B05, Trade, 604573.625, 112, B05, S02, 1
B05, Trade, 604580.375, 116, B05, S02, 1
B05, Trade, 604582.958, 111, B05, S02, 1
B05, Trade, 604587.375, 100, B05, S00, 1
B05, Trade, 604599.708, 118, S04, B05, 1
B05, Trade, 604606.750, 112, B05, S02, 1
B05, Trade, 604618.542, 121, B05, S01, 1
B05, Trade, 604624.750, 121, B05, S01, 1
B05, Trade, 604631.833, 112, B05, S00, 1
B05, Trade, 604647.833, 112, B05, S02, 1
B05, Trade, 604651.500, 121, B05, S00, 1
B05, Trade, 604659.625, 121, B05, S02, 1
B05, Trade, 604665.958, 121, B05, S01, 1
B05, Trade, 604671.833, 121, B05, S00, 1
B05, Trade, 604683.042, 88, B05, S00, 1
B05, Trade, 604691.667, 112, B05, S01, 1
B05, Trade, 604693.292, 111, B05, S00, 1
B05, Trade, 604702.167, 121, B05, S01, 1
B05, Trade, 604709.708, 121, B05, S02, 1
B05, Trade, 604716.583, 113, B05, S00, 1
B05, Trade, 604723.292, 113, B05, S02, 1
B05, Trade, 604730.625, 111, B05, S00, 1
B05, Trade, 604742.208, 121, B05, S02, 1
B05, Trade, 604748.667, 105, B05, S02, 1
B05, Trade, 604755.750, 101, B05, S00, 1
B05, Trade, 604762.667, 113, B05, S03, 1
B05, Trade, 604766.333, 112, B05, S01, 1
B05, Trade, 604773.042, 103, B05, S00, 1
B05, Trade, 604782.417, 118, B05, S02, 1
B05, Trade, 604788.417, 112, B05, S02, 1
B05, Trade, 604791.250, 111, B05, S02, 1
B05, Trade, 604794.792, 112, B05, S01, 1
B06, 100
B06, Trade, 604070.292, 122, B06, S01, 1
B06, Trade, 604073.833, 100, B06, S00, 1
B06, Trade, 604084.625, 133, B06, S04, 1
B06, Trade, 604090.667, 112, B06, S00, 1
B06, Trade, 604096.500, 113, B06, S00, 1
B06, Trade, 604104.917, 133, B06, S00, 1
B06, Trade, 604107.875, 109, B06, S01, 1
B06, Trade, 604121.042, 112, B06, S03, 1
B06, Trade, 604125.167, 133, B06, S04, 1
B06, Trade, 604126.042, 111, B06, S02, 1
B06, Trade, 604137.917, 133, B06, S02, 1
B06, Trade, 604141.375, 111, B06, S02, 1
B06, Trade, 604150.875, 133, B06, S01, 1
B06, Trade, 604154.208, 124, B06, S04, 1
B06, Trade, 604164.208, 109, B06, S02, 1
B06, Trade, 604178.333, 114, B06, S00, 1
B06, Trade, 604180.542, 118, B06, S04, 1
B06, Trade, 604189.750, 113, B06, S01, 1
B06, Trade, 604194.583, 133, B06, S03, 1
B06, Trade, 604205.917, 131, B06, S00, 1
B06, Trade, 604208.000, 131, B06, S02, 1
B06, Trade, 604219.000, 103, B06, S00, 1
B06, Trade, 604226.208, 112, B06, S02, 1
B06, Trade, 604239.042, 120, B06, S02, 1
B06, Trade, 604249.208, 111, B06, S02, 1
B06, Trade, 604265.042, 133, B06, S05, 1
B06, Trade, 604269.792, 109, B06, S00, 1
B06, Trade, 604278.167, 133, B06, S02, 1
B06, Trade, 604285.125, 111, B06, S01, 1
B06, Trade, 604290.458, 133, B06, S04, 1
B06, Trade, 604299.750, 133, B06, S00, 1
B06, Trade, 604302.250, 133, B06, S00, 1
B06, Trade, 604305.083, 111, B06, S02, 1
B06, Trade, 604312.125, 116, B06, S02, 1
B06, Trade, 604319.667, 112, B06, S01, 1
B06, Trade, 604322.375, 117, B06, S00, 1
B06, Trade, 604332.125, 100, B06, S00, 1
B06, Trade, 604334.417, 100, B06, S02, 1
B06, Trade, 604346.208, 109, B06, S00, 1
B06, Trade, 604355.000, 109, B06, S02, 1
B06, Trade, 604362.708, 133, B06, S02, 1
B06, Trade, 604368.042, 122, S04, B06, 1
B06, Trade, 604385.000, 127, B06, S01, 1
B06, Trade, 604389.208, 122, B06, S01, 1
B06, Trade, 604391.375, 109, B06, S02, 1
B06, Trade, 604401.917, 133, B06, S01, 1
B06, Trade, 604409.125, 113, B06, S00, 1
B06, Trade, 604414.125, 133, B06, S02, 1
B06, Trade, 604421.458, 112, B06, S03, 1
B06, Trade, 604429.083, 111, B06, S00, 1
B06, Trade, 604433.958, 133, B06, S02, 1
B06, Trade, 604441.833, 122, B06, S01, 1
B06, Trade, 604449.542, 122, B06, S04, 1
B06, Trade, 604452.458, 123, B06, S02, 1
B06, Trade, 604463.875, 133, B06, S04, 1
B06, Trade, 604471.375, 125, B06, S00, 1
B06, Trade, 604475.292, 112, B06, S01, 1
B06, Trade, 604481.208, 117, B06, S02, 1
B06, Trade, 604486.208, 113, B06, S00, 1
B06, Trade, 604495.625, 114, B06, S01, 1
B06, Trade, 604507.958, 133, B06, S01, 1
B06, Trade, 604520.458, 130, B06, S02, 1
B06, Trade, 604534.250, 111, B06, S03, 1
B06, Trade, 604545.083, 133, S06, B06, 1
B06, Trade, 604551.417, 133, B06, S00, 1
B06, Trade, 604566.417, 113, B06, S01, 1
B06, Trade, 604568.292, 133, B06, S04, 1
B06, Trade, 604579.375, 124, B06, S00, 1
B06, Trade, 604585.375, 133, B06, S01, 1
B06, Trade, 604592.083, 124, B06, S02, 1
B06, Trade, 604595.375, 112, B06, S03, 1
B06, Trade, 604597.125, 122, B06, S00, 1
B06, Trade, 604604.917, 133, B06, S03, 1
B06, Trade, 604610.833, 112, B06, S00, 1
B06, Trade, 604614.292, 99, B06, S01, 1
B06, Trade, 604618.292, 133, B06, S04, 1
B06, Trade, 604630.500, 112, B06, S04, 1
B06, Trade, 604635.417, 111, B06, S02, 1
B06, Trade, 604647.125, 132, B06, S01, 1
B06, Trade, 604656.417, 102, B06, S00, 1
B06, Trade, 604659.542, 133, B06, S04, 1
B06, Trade, 604669.625, 133, B06, S04, 1
B06, Trade, 604671.208, 130, B06, S03, 1
B06, Trade, 604675.750, 99, B06, S02, 1
B06, Trade, 604681.833, 111, B06, S00, 1
B06, Trade, 604686.750, 133, B06, S01, 1
B06, Trade, 604690.333, 133, B06, S03, 1
B06, Trade, 604699.792, 110, B06, S02, 1
B06, Trade, 604708.167, 125, B06, S01, 1
B06, Trade, 604712.250, 102, B06, S03, 1
B06, Trade, 604719.292, 133, B06, S01, 1
B06, Trade, 604728.708, 133, B06, S04, 1
B06, Trade, 604733.333, 114, B06, S02, 1
B06, Trade, 604742.167, 123, B06, S04, 1
B06, Trade, 604753.417, 118, B06, S01, 1
B06, Trade, 604759.042, 129, B06, S02, 1
B06, Trade, 604767.042, 112, B06, S03, 1
B06, Trade, 604772.792, 104, B06, S01, 1
B06, Trade, 604781.917, 119, B06, S01, 1
B06, Trade, 604788.167, 113, B06, S00, 1
B07, 100
B07, Trade, 603591.833, 117, S03, B07, 1
B07, Trade, 603597.625, 112, B07, S04, 1
B07, Trade, 603605.333, 130, S03, B07, 1
B07, Trade, 603610.958, 115, B07, S03, 1
B07, Trade, 603623.042, 124, B07, S00, 1
B07, Trade, 603635.875, 134, S03, B07, 1
B07, Trade, 603660.417, 115, B07, S00, 1
B07, Trade, 603672.417, 133, S06, B07, 1
B07, Trade, 603682.667, 112, S03, B07, 1
B07, Trade, 603704.917, 112, B07, S03, 1
B07, Trade, 603710.083, 115, S04, B07, 1
B07, Trade, 603718.625, 130, B07, S01, 1
B07, Trade, 603728.458, 143, B07, S04, 1
B07, Trade, 603746.667, 126, B07, S04, 1
B07, Trade, 603751.875, 138, S03, B07, 1
B07, Trade, 603761.958, 139, B07, S02, 1
B07, Trade, 603768.875, 139, B07, S06, 1
B07, Trade, 603774.917, 111, B07, S00, 1
B07, Trade, 603819.375, 140, B07, S03, 1
B07, Trade, 603852.208, 134, B07, S01, 1
B07, Trade, 603855.833, 137, B07, S03, 1
B07, Trade, 603877.167, 130, S04, B07, 1
B07, Trade, 603885.208, 118, B07, S04, 1
B07, Trade, 603901.167, 131, B07, S02, 1
B07, Trade, 603908.875, 125, B07, S03, 1
B07, Trade, 603916.083, 137, B07, S04, 1
B07, Trade, 603924.208, 112, S01, B07, 1
B07, Trade, 603938.292, 136, B07, S01, 1
B07, Trade, 603947.125, 128, B07, S00, 1
B07, Trade, 603949.667, 111, B07, S04, 1
B07, Trade, 603963.542, 142, B07, S01, 1
B07, Trade, 603965.875, 114, B07, S02, 1
B07, Trade, 603973.458, 115, S03, B07, 1
B07, Trade, 603994.375, 143, S06, B07, 1
B07, Trade, 604000.833, 126, B07, S00, 1
B07, Trade, 604005.000, 131, B07, S02, 1
B07, Trade, 604011.333, 112, B07, S04, 1
B07, Trade, 604058.958, 133, B07, S03, 1
B07, Trade, 604064.375, 128, B07, S02, 1
B07, Trade, 604087.083, 133, B07, S02, 1
B07, Trade, 604102.250, 135, B07, S00, 1
B07, Trade, 604111.958, 126, B07, S03, 1
B07, Trade, 604117.875, 116, B07, S00, 1
B07, Trade, 604134.167, 142, B07, S01, 1
B07, Trade, 604138.708, 141, B07, S06, 1
B07, Trade, 604156.708, 124, B07, S00, 1
B07, Trade, 604166.542, 123, B07, S01, 1
B07, Trade, 604173.208, 134, B07, S01, 1
B07, Trade, 604180.917, 136, B07, S03, 1
B07, Trade, 604186.458, 126, B07, S01, 1
B07, Trade, 604204.292, 120, S03, B07, 1
B07, Trade, 604222.750, 94, B07, S00, 1
B07, Trade, 604225.083, 115, S03, B07, 1
B07, Trade, 604239.417, 119, B07, S02, 1
B07, Trade, 604259.083, 114, S03, B07, 1
B07, Trade, 604265.458, 119, B07, S01, 1
B07, Trade, 604270.708, 142, B07, S02, 1
B07, Trade, 604281.500, 138, B07, S00, 1
B07, Trade, 604290.292, 139, B07, S02, 1
B07, Trade, 604298.667, 141, B07, S01, 1
B07, Trade, 604305.542, 144, B07, S04, 1
B07, Trade, 604312.583, 143, B07, S03, 1
B07, Trade, 604317.292, 118, B07, S00, 1
B07, Trade, 604327.333, 141, B07, S04, 1
B07, Trade, 604335.667, 144, S07, B07, 1
B07, Trade, 604355.792, 117, B07, S04, 1
B07, Trade, 604364.792, 138, B07, S03, 1
B07, Trade, 604367.333, 144, B07, S07, 1
B07, Trade, 604373.958, 133, S06, B07, 1
B07, Trade, 604381.083, 142, B07, S00, 1
B07, Trade, 604418.292, 133, S06, B07, 1
B07, Trade, 604432.167, 140, B07, S01, 1
B07, Trade, 604443.125, 138, S06, B07, 1
B07, Trade, 604448.625, 141, B07, S01, 1
B07, Trade, 604460.583, 140, B07, S02, 1
B07, Trade, 604465.875, 131, B07, S01, 1
B07, Trade, 604494.375, 135, S06, B07, 1
B07, Trade, 604499.208, 132, B07, S02, 1
B07, Trade, 604502.042, 128, S01, B07, 1
B07, Trade, 604508.375, 125, B07, S02, 1
B07, Trade, 604511.000, 131, B07, S04, 1
B07, Trade, 604537.625, 144, B07, S00, 1
B07, Trade, 604564.583, 117, B07, S00, 1
B07, Trade, 604569.083, 111, S03, B07, 1
B07, Trade, 604581.333, 136, S04, B07, 1
B07, Trade, 604625.333, 118, B07, S02, 1
B07, Trade, 604634.917, 128, B07, S04, 1
B07, Trade, 604641.083, 98, B07, S02, 1
B07, Trade, 604654.292, 120, B07, S02, 1
B07, Trade, 604677.292, 106, B07, S01, 1
B07, Trade, 604683.708, 136, B07, S03, 1
B07, Trade, 604692.167, 116, S04, B07, 1
B07, Trade, 604697.917, 141, B07, S03, 1
B07, Trade, 604717.375, 127, S01, B07, 1
B07, Trade, 604738.417, 134, B07, S02, 1
B07, Trade, 604763.417, 125, B07, S01, 1
B07, Trade, 604770.917, 91, S02, B07, 1
B07, Trade, 604785.292, 130, B07, S01, 1
B07, Trade, 604788.917, 112, B07, S03, 1
B07, Trade, 604798.500, 136, S04, B07, 1
B08, 100
B08, Trade, 604215.833, 107, B08, S02, 1
B08, Trade, 604220.542, 132, S04, B08, 1
B08, Trade, 604226.458, 119, S04, B08, 1
B08, Trade, 604233.167, 136, S03, B08, 1
B08, Trade, 604238.375, 155, B08, S03, 1
B08, Trade, 604244.625, 144, S07, B08, 1
B08, Trade, 604249.583, 115, S01, B08, 1
B08, Trade, 604251.875, 154, B08, S00, 1
B08, Trade, 604259.917, 133, S06, B08, 1
B08, Trade, 604262.542, 111, B08, S01, 1
B08, Trade, 604271.500, 133, B08, S00, 1
B08, Trade, 604274.792, 148, B08, S06, 1
B08, Trade, 604277.708, 138, B08, S04, 1
B08, Trade, 604282.042, 124, S04, B08, 1
B08, Trade, 604292.292, 147, B08, S01, 1
B08, Trade, 604297.250, 155, B08, S03, 1
B08, Trade, 604300.417, 143, B08, S03, 1
B08, Trade, 604302.042, 137, B08, S03, 1
B08, Trade, 604310.583, 136, S04, B08, 1
B08, Trade, 604322.417, 104, B08, S02, 1
B08, Trade, 604325.833, 138, B08, S01, 1
B08, Trade, 604333.042, 99, S03, B08, 1
B08, Trade, 604334.875, 147, S07, B08, 1
B08, Trade, 604337.417, 154, B08, S07, 1
B08, Trade, 604343.750, 117, S04, B08, 1
B08, Trade, 604352.458, 120, S03, B08, 1
B08, Trade, 604356.167, 106, S03, B08, 1
B08, Trade, 604357.625, 133, S06, B08, 1
B08, Trade, 604367.667, 122, S03, B08, 1
B08, Trade, 604369.875, 149, B08, S07, 1
B08, Trade, 604372.792, 129, S01, B08, 1
B08, Trade, 604382.000, 145, S06, B08, 1
B08, Trade, 604384.042, 141, B08, S03, 1
B08, Trade, 604397.167, 123, B08, S00, 1
B08, Trade, 604399.042, 114, S04, B08, 1
B08, Trade, 604405.208, 142, S06, B08, 1
B08, Trade, 604408.917, 117, S04, B08, 1
B08, Trade, 604417.583, 120, S03, B08, 1
B08, Trade, 604423.833, 151, B08, S00, 1
B08, Trade, 604434.917, 145, B08, S03, 1
B08, Trade, 604439.125, 145, B08, S03, 1
B08, Trade, 604444.000, 146, B08, S01, 1
B08, Trade, 604449.750, 143, S06, B08, 1
B08, Trade, 604462.958, 143, B08, S01, 1
B08, Trade, 604465.792, 134, B08, S02, 1
B08, Trade, 604471.208, 141, S06, B08, 1
B08, Trade, 604476.583, 136, S04, B08, 1
B08, Trade, 604483.250, 117, B08, S03, 1
B08, Trade, 604485.500, 142, B08, S02, 1
B08, Trade, 604489.750, 145, S07, B08, 1
B08, Trade, 604497.667, 138, S06, B08, 1
B08, Trade, 604506.500, 144, S07, B08, 1
B08, Trade, 604512.000, 132, B08, S00, 1
B08, Trade, 604518.375, 155, B08, S01, 1
B08, Trade, 604520.417, 135, S04, B08, 1
B08, Trade, 604528.708, 135, S06, B08, 1
B08, Trade, 604536.042, 137, B08, S02, 1
B08, Trade, 604540.417, 151, S07, B08, 1
B08, Trade, 604541.417, 143, B08, S01, 1
B08, Trade, 604556.625, 116, S04, B08, 1
B08, Trade, 604557.333, 124, B08, S01, 1
B08, Trade, 604568.333, 105, B08, S00, 1
B08, Trade, 604574.833, 145, S06, B08, 1
B08, Trade, 604577.708, 131, B08, S04, 1
B08, Trade, 604585.167, 149, B08, S04, 1
B08, Trade, 604590.792, 141, B08, S01, 1
B08, Trade, 604594.750, 124, B08, S03, 1
B08, Trade, 604600.292, 117, B08, S01, 1
B08, Trade, 604609.917, 123, S03, B08, 1
B08, Trade, 604618.167, 146, B08, S07, 1
B08, Trade, 604626.125, 115, B08, S04, 1
B08, Trade, 604628.833, 114, S03, B08, 1
B08, Trade, 604631.500, 133, S06, B08, 1
B08, Trade, 604642.333, 133, S06, B08, 1
B08, Trade, 604643.708, 152, B08, S07, 1
B08, Trade, 604650.417, 133, S06, B08, 1
B08, Trade, 604655.792, 115, S04, B08, 1
B08, Trade, 604660.125, 138, B08, S00, 1
B08, Trade, 604665.667, 138, B08, S00, 1
B08, Trade, 604672.667, 140, S06, B08, 1
B08, Trade, 604676.667, 111, B08, S01, 1
B08, Trade, 604681.333, 122, S04, B08, 1
B08, Trade, 604687.958, 145, S07, B08, 1
B08, Trade, 604689.500, 144, S07, B08, 1
B08, Trade, 604697.125, 113, S01, B08, 1
B08, Trade, 604703.375, 122, S03, B08, 1
B08, Trade, 604710.542, 110, S04, B08, 1
B08, Trade, 604714.208, 141, B08, S02, 1
B08, Trade, 604719.042, 138, B08, S05, 1
B08, Trade, 604725.958, 130, B08, S00, 1
B08, Trade, 604733.583, 131, S01, B08, 1
B08, Trade, 604739.917, 144, B08, S01, 1
B08, Trade, 604745.458, 126, B08, S02, 1
B08, Trade, 604756.833, 148, B08, S07, 1
B08, Trade, 604765.000, 113, S04, B08, 1
B08, Trade, 604772.583, 114, S04, B08, 1
B08, Trade, 604777.167, 111, B08, S02, 1
B08, Trade, 604784.583, 143, S06, B08, 1
B08, Trade, 604790.375, 153, B08, S07, 1
B08, Trade, 604796.292, 151, S07, B08, 1
B09, 100
B09, Trade, 604216.292, 147, S07, B09, 1
B09, Trade, 604221.125, 123, S03, B09, 1
B09, Trade, 604231.708, 144, S07, B09, 1
B09, Trade, 604235.167, 135, B09, S04, 1
B09, Trade, 604238.083, 159, S06, B09, 1
B09, Trade, 604244.250, 133, S06, B09, 1
B09, Trade, 604250.083, 139, S04, B09, 1
B09, Trade, 604252.708, 146, S07, B09, 1
B09, Trade, 604258.208, 126, S04, B09, 1
B09, Trade, 604264.875, 137, B09, S03, 1
B09, Trade, 604277.292, 148, S07, B09, 1
B09, Trade, 604277.875, 134, B09, S00, 1
B09, Trade, 604286.042, 143, S06, B09, 1
B09, Trade, 604295.625, 145, S06, B09, 1
B09, Trade, 604298.917, 147, S07, B09, 1
B09, Trade, 604306.333, 155, B09, S07, 1
B09, Trade, 604316.625, 133, S06, B09, 1
B09, Trade, 604320.417, 124, B09, S03, 1
B09, Trade, 604322.458, 129, S04, B09, 1
B09, Trade, 604329.292, 152, S06, B09, 1
B09, Trade, 604332.667, 119, S04, B09, 1
B09, Trade, 604340.417, 143, B09, S01, 1
B09, Trade, 604346.833, 128, B09, S01, 1
B09, Trade, 604362.292, 158, B09, S02, 1
B09, Trade, 604363.542, 133, S06, B09, 1
B09, Trade, 604371.875, 111, S04, B09, 1
B09, Trade, 604376.833, 135, B09, S03, 1
B09, Trade, 604382.042, 150, S07, B09, 1
B09, Trade, 604385.583, 150, S07, B09, 1
B09, Trade, 604387.667, 149, B09, S04, 1
B09, Trade, 604393.792, 166, B09, S07, 1
B09, Trade, 604400.375, 155, B09, S00, 1
B09, Trade, 604406.667, 118, S03, B09, 1
B09, Trade, 604413.500, 146, B09, S07, 1
B09, Trade, 604415.750, 160, S08, B09, 1
B09, Trade, 604425.792, 129, B09, S00, 1
B09, Trade, 604430.375, 136, S06, B09, 1
B09, Trade, 604438.667, 159, B09, S00, 1
B09, Trade, 604439.958, 149, B09, S02, 1
B09, Trade, 604450.542, 155, B09, S03, 1
B09, Trade, 604453.583, 127, S03, B09, 1
B09, Trade, 604463.333, 139, B09, S03, 1
B09, Trade, 604469.792, 138, B09, S02, 1
B09, Trade, 604477.417, 162, S06, B09, 1
B09, Trade, 604482.958, 158, B09, S01, 1
B09, Trade, 604490.292, 131, B09, S04, 1
B09, Trade, 604491.500, 155, B09, S01, 1
B09, Trade, 604499.458, 125, B09, S03, 1
B09, Trade, 604510.500, 118, S01, B09, 1
B09, Trade, 604517.000, 153, B09, S00, 1
B09, Trade, 604523.750, 144, S06, B09, 1
B09, Trade, 604530.250, 119, S03, B09, 1
B09, Trade, 604532.667, 124, S01, B09, 1
B09, Trade, 604537.417, 145, B09, S03, 1
B09, Trade, 604544.500, 128, S04, B09, 1
B09, Trade, 604546.125, 148, B09, S04, 1
B09, Trade, 604554.708, 133, S06, B09, 1
B09, Trade, 604557.875, 145, S07, B09, 1
B09, Trade, 604564.167, 157, B09, S07, 1
B09, Trade, 604572.292, 139, B09, S00, 1
B09, Trade, 604578.625, 150, S03, B09, 1
B09, Trade, 604580.792, 154, S06, B09, 1
B09, Trade, 604587.083, 110, S01, B09, 1
B09, Trade, 604591.042, 146, S07, B09, 1
B09, Trade, 604600.208, 133, S06, B09, 1
B09, Trade, 604603.042, 161, B09, S07, 1
B09, Trade, 604610.625, 128, B09, S00, 1
B09, Trade, 604613.667, 122, S03, B09, 1
B09, Trade, 604621.500, 155, S08, B09, 1
B09, Trade, 604625.417, 126, S03, B09, 1
B09, Trade, 604631.250, 126, S01, B09, 1
B09, Trade, 604637.042, 146, S07, B09, 1
B09, Trade, 604638.833, 141, S04, B09, 1
B09, Trade, 604646.458, 138, S03, B09, 1
B09, Trade, 604654.917, 164, B09, S03, 1
B09, Trade, 604663.583, 155, B09, S03, 1
B09, Trade, 604667.125, 142, B09, S01, 1
B09, Trade, 604672.875, 146, S07, B09, 1
B09, Trade, 604678.333, 112, S04, B09, 1
B09, Trade, 604695.333, 140, S06, B09, 1
B09, Trade, 604699.500, 142, S06, B09, 1
B09, Trade, 604702.500, 110, S04, B09, 1
B09, Trade, 604704.417, 156, B09, S02, 1
B09, Trade, 604708.042, 141, S06, B09, 1
B09, Trade, 604720.167, 145, S03, B09, 1
B09, Trade, 604721.583, 112, S04, B09, 1
B09, Trade, 604728.625, 156, B09, S01, 1
B09, Trade, 604732.250, 133, S04, B09, 1
B09, Trade, 604735.167, 104, S03, B09, 1
B09, Trade, 604743.542, 146, S06, B09, 1
B09, Trade, 604748.083, 141, S01, B09, 1
B09, Trade, 604753.708, 140, B09, S04, 1
B09, Trade, 604759.583, 121, B09, S03, 1
B09, Trade, 604763.792, 133, S06, B09, 1
B09, Trade, 604774.375, 141, B09, S01, 1
B09, Trade, 604777.208, 138, S03, B09, 1
B09, Trade, 604779.917, 128, S04, B09, 1
B09, Trade, 604789.250, 138, B09, S01, 1
B09, Trade, 604793.958, 118, B09, S00, 1
B09, Trade, 604799.917, 143, S06, B09, 1
B10, 100
B10, Trade, 604283.125, 167, S09, B10, 1
B10, Trade, 604291.625, 150, S07, B10, 1
B10, Trade, 604292.750, 110, S03, B10, 1
B10, Trade, 604299.417, 159, S06, B10, 1
B10, Trade, 604304.042, 170, B10, S09, 1
B10, Trade, 604309.875, 149, S06, B10, 1
B10, Trade, 604314.667, 135, S04, B10, 1
B10, Trade, 604317.000, 154, S07, B10, 1
B10, Trade, 604323.333, 132, S05, B10, 1
B10, Trade, 604329.542, 156, S07, B10, 1
B10, Trade, 604334.958, 168, S09, B10, 1
B10, Trade, 604341.417, 160, B10, S01, 1
B10, Trade, 604346.875, 143, S06, B10, 1
B10, Trade, 604349.250, 153, S06, B10, 1
B10, Trade, 604353.250, 144, S07, B10, 1
B10, Trade, 604358.875, 165, B10, S03, 1
B10, Trade, 604365.542, 167, S09, B10, 1
B10, Trade, 604370.625, 178, S09, B10, 1
B10, Trade, 604375.792, 144, S07, B10, 1
B10, Trade, 604379.958, 94, S01, B10, 1
B10, Trade, 604385.250, 144, S06, B10, 1
B10, Trade, 604389.042, 160, S08, B10, 1
B10, Trade, 604392.625, 133, S06, B10, 1
B10, Trade, 604400.708, 156, S06, B10, 1
B10, Trade, 604404.167, 144, S07, B10, 1
B10, Trade, 604412.333, 162, S06, B10, 1
B10, Trade, 604414.958, 167, S09, B10, 1
B10, Trade, 604420.000, 144, S07, B10, 1
B10, Trade, 604425.625, 162, S06, B10, 1
B10, Trade, 604431.833, 147, S07, B10, 1
B10, Trade, 604436.958, 144, S07, B10, 1
B10, Trade, 604441.083, 151, S07, B10, 1
B10, Trade, 604448.042, 165, B10, S00, 1
B10, Trade, 604453.208, 168, S09, B10, 1
B10, Trade, 604457.958, 144, S07, B10, 1
B10, Trade, 604460.250, 158, B10, S00, 1
B10, Trade, 604466.083, 142, S06, B10, 1
B10, Trade, 604473.625, 142, S06, B10, 1
B10, Trade, 604474.917, 149, S07, B10, 1
B10, Trade, 604479.750, 144, S07, B10, 1
B10, Trade, 604484.667, 143, S06, B10, 1
B10, Trade, 604491.875, 167, S09, B10, 1
B10, Trade, 604498.250, 139, S04, B10, 1
B10, Trade, 604504.083, 123, S04, B10, 1
B10, Trade, 604508.250, 165, S06, B10, 1
B10, Trade, 604512.708, 144, S06, B10, 1
B10, Trade, 604516.583, 170, S09, B10, 1
B10, Trade, 604521.833, 139, S04, B10, 1
B10, Trade, 604529.583, 144, S07, B10, 1
B10, Trade, 604534.750, 133, S06, B10, 1
B10, Trade, 604535.333, 148, S07, B10, 1
B10, Trade, 604542.792, 141, B10, S03, 1
B10, Trade, 604546.792, 113, S03, B10, 1
B10, Trade, 604550.292, 139, B10, S01, 1
B10, Trade, 604557.500, 133, S03, B10, 1
B10, Trade, 604563.875, 163, S03, B10, 1
B10, Trade, 604570.458, 174, B10, S09, 1
B10, Trade, 604575.292, 146, S07, B10, 1
B10, Trade, 604582.000, 132, B10, S04, 1
B10, Trade, 604587.167, 147, S07, B10, 1
B10, Trade, 604593.708, 168, S09, B10, 1
B10, Trade, 604598.750, 144, S07, B10, 1
B10, Trade, 604604.792, 158, B10, S01, 1
B10, Trade, 604607.625, 166, S06, B10, 1
B10, Trade, 604611.208, 133, S06, B10, 1
B10, Trade, 604620.500, 170, B10, S02, 1
B10, Trade, 604626.292, 133, S06, B10, 1
B10, Trade, 604627.000, 147, S07, B10, 1
B10, Trade, 604632.750, 145, S07, B10, 1
B10, Trade, 604640.500, 112, S01, B10, 1
B10, Trade, 604645.958, 133, S06, B10, 1
B10, Trade, 604651.083, 164, S07, B10, 1
B10, Trade, 604654.875, 167, S09, B10, 1
B10, Trade, 604658.458, 169, B10, S08, 1
B10, Trade, 604662.708, 148, S07, B10, 1
B10, Trade, 604668.250, 146, S06, B10, 1
B10, Trade, 604677.167, 133, S06, B10, 1
B10, Trade, 604682.167, 137, S06, B10, 1
B10, Trade, 604684.542, 141, S06, B10, 1
B10, Trade, 604692.667, 153, B10, S02, 1
B10, Trade, 604697.792, 131, S04, B10, 1
B10, Trade, 604702.875, 168, S09, B10, 1
B10, Trade, 604710.000, 133, S06, B10, 1
B10, Trade, 604714.042, 146, S07, B10, 1
B10, Trade, 604718.958, 163, B10, S07, 1
B10, Trade, 604724.500, 171, S06, B10, 1
B10, Trade, 604732.542, 169, S05, B10, 1
B10, Trade, 604737.542, 138, S06, B10, 1
B10, Trade, 604741.875, 135, S03, B10, 1
B10, Trade, 604744.542, 147, S07, B10, 1
B10, Trade, 604752.292, 166, S06, B10, 1
B10, Trade, 604754.542, 169, S09, B10, 1
B10, Trade, 604761.250, 163, S06, B10, 1
B10, Trade, 604767.750, 165, S06, B10, 1
B10, Trade, 604771.208, 144, S07, B10, 1
B10, Trade, 604778.792, 144, B10, S00, 1
B10, Trade, 604782.167, 133, S06, B10, 1
B10, Trade, 604786.833, 116, S03, B10, 1
B10, Trade, 604793.667, 155, S06, B10, 1
B10, Trade, 604794.500, 164, S08, B10, 1
B11, 100
B11, Trade, 603893.875, 146, S06, B11, 1
B11, Trade, 603905.000, 170, B11, S00, 1
B11, Trade, 603905.583, 155, B11, S07, 1
B11, Trade, 603917.583, 145, S03, B11, 1
B11, Trade, 603920.292, 146, B11, S04, 1
B11, Trade, 603931.833, 139, B11, S03, 1
B11, Trade, 603942.500, 145, S07, B11, 1
B11, Trade, 603949.042, 144, S07, B11, 1
B11, Trade, 603955.292, 121, B11, S02, 1
B11, Trade, 603962.000, 143, S06, B11, 1
B11, Trade, 603964.625, 144, S07, B11, 1
B11, Trade, 603984.083, 116, S04, B11, 1
B11, Trade, 604004.500, 144, S07, B11, 1
B11, Trade, 604020.333, 117, S04, B11, 1
B11, Trade, 604024.542, 114, S04, B11, 1
B11, Trade, 604027.292, 160, S03, B11, 1
B11, Trade, 604060.500, 137, B11, S01, 1
B11, Trade, 604067.458, 115, S04, B11, 1
B11, Trade, 604076.208, 143, B11, S02, 1
B11, Trade, 604094.417, 110, B11, S02, 1
B11, Trade, 604102.167, 163, S06, B11, 1
B11, Trade, 604121.417, 120, S04, B11, 1
B11, Trade, 604131.208, 116, S04, B11, 1
B11, Trade, 604137.125, 139, B11, S04, 1
B11, Trade, 604139.708, 153, S07, B11, 1
B11, Trade, 604159.708, 135, B11, S02, 1
B11, Trade, 604164.750, 112, B11, S00, 1
B11, Trade, 604171.417, 119, B11, S00, 1
B11, Trade, 604185.958, 141, S06, B11, 1
B11, Trade, 604198.208, 166, S06, B11, 1
B11, Trade, 604208.708, 130, S04, B11, 1
B11, Trade, 604213.167, 125, S03, B11, 1
B11, Trade, 604233.417, 123, B11, S02, 1
B11, Trade, 604239.667, 152, B11, S07, 1
B11, Trade, 604246.208, 156, S06, B11, 1
B11, Trade, 604269.000, 144, S07, B11, 1
B11, Trade, 604276.917, 110, B11, S01, 1
B11, Trade, 604294.250, 134, B11, S04, 1
B11, Trade, 604297.125, 163, S04, B11, 1
B11, Trade, 604311.667, 149, S06, B11, 1
B11, Trade, 604316.417, 126, B11, S03, 1
B11, Trade, 604326.750, 136, B11, S01, 1
B11, Trade, 604334.042, 127, S05, B11, 1
B11, Trade, 604340.542, 122, B11, S00, 1
B11, Trade, 604345.875, 119, S03, B11, 1
B11, Trade, 604358.542, 147, B11, S04, 1
B11, Trade, 604360.042, 167, S09, B11, 1
B11, Trade, 604369.917, 147, B11, S02, 1
B11, Trade, 604376.667, 152, B11, S04, 1
B11, Trade, 604382.167, 167, S09, B11, 1
B11, Trade, 604386.500, 142, B11, S02, 1
B11, Trade, 604393.375, 129, B11, S01, 1
B11, Trade, 604409.833, 120, S04, B11, 1
B11, Trade, 604416.125, 105, B11, S01, 1
B11, Trade, 604430.625, 124, S04, B11, 1
B11, Trade, 604432.958, 142, B11, S01, 1
B11, Trade, 604444.958, 124, S04, B11, 1
B11, Trade, 604451.417, 144, S07, B11, 1
B11, Trade, 604458.833, 153, B11, S01, 1
B11, Trade, 604473.833, 126, B11, S00, 1
B11, Trade, 604482.708, 115, B11, S04, 1
B11, Trade, 604492.292, 137, B11, S02, 1
B11, Trade, 604498.083, 112, B11, S00, 1
B11, Trade, 604507.708, 142, B11, S03, 1
B11, Trade, 604515.833, 155, S07, B11, 1
B11, Trade, 604521.167, 129, B11, S03, 1
B11, Trade, 604523.333, 122, B11, S00, 1
B11, Trade, 604526.667, 113, S01, B11, 1
B11, Trade, 604534.125, 125, S04, B11, 1
B11, Trade, 604552.083, 139, B11, S02, 1
B11, Trade, 604562.917, 132, B11, S04, 1
B11, Trade, 604567.333, 147, S07, B11, 1
B11, Trade, 604576.083, 144, S07, B11, 1
B11, Trade, 604589.417, 144, S06, B11, 1
B11, Trade, 604593.458, 106, B11, S02, 1
B11, Trade, 604600.792, 130, S04, B11, 1
B11, Trade, 604617.625, 149, B11, S00, 1
B11, Trade, 604626.042, 122, B11, S02, 1
B11, Trade, 604647.667, 131, B11, S04, 1
B11, Trade, 604650.375, 124, S04, B11, 1
B11, Trade, 604659.000, 144, S06, B11, 1
B11, Trade, 604665.292, 142, B11, S04, 1
B11, Trade, 604671.708, 140, B11, S02, 1
B11, Trade, 604679.500, 121, B11, S02, 1
B11, Trade, 604688.833, 166, B11, S03, 1
B11, Trade, 604691.500, 113, B11, S00, 1
B11, Trade, 604701.250, 144, B11, S07, 1
B11, Trade, 604706.208, 141, B11, S00, 1
B11, Trade, 604717.792, 133, S06, B11, 1
B11, Trade, 604725.333, 158, B11, S03, 1
B11, Trade, 604736.583, 136, B11, S04, 1
B11, Trade, 604743.833, 127, B11, S04, 1
B11, Trade, 604751.875, 150, S07, B11, 1
B11, Trade, 604767.583, 144, S07, B11, 1
B11, Trade, 604774.250, 146, S07, B11, 1
B11, Trade, 604783.208, 120, B11, S00, 1
B11, Trade, 604788.750, 126, S04, B11, 1
B11, Trade, 604796.125, 149, S03, B11, 1
B11, Trade, 604796.708, 142, B11, S04, 1
B11, Trade, 604799.458, 111, B11, S00, 1
S00, 100
S00, Trade, 604263.917, 107, B04, S00, 1
S00, Trade, 604269.792, 109, B06, S00, 1
S00, Trade, 604271.500, 133, B08, S00, 1
S00, Trade, 604277.875, 134, B09, S00, 1
S00, Trade, 604281.500, 138, B07, S00, 1
S00, Trade, 604288.625, 99, B03, S00, 1
S00, Trade, 604294.917, 110, B04, S00, 1
S00, Trade, 604299.750, 133, B06, S00, 1
S00, Trade, 604302.250, 133, B06, S00, 1
S00, Trade, 604311.167, 117, B05, S00, 1
S00, Trade, 604317.292, 118, B07, S00, 1
S00, Trade, 604322.375, 117, B06, S00, 1
S00, Trade, 604332.125, 100, B06, S00, 1
S00, Trade, 604333.542, 100, B05, S00, 1
S00, Trade, 604340.542, 122, B11, S00, 1
S00, Trade, 604346.208, 109, B06, S00, 1
S00, Trade, 604348.167, 109, B04, S00, 1
S00, Trade, 604354.542, 109, B05, S00, 1
S00, Trade, 604359.083, 87, B02, S00, 1
S00, Trade, 604362.958, 121, B05, S00, 1
S00, Trade, 604371.333, 112, B05, S00, 1
S00, Trade, 604374.083, 110, B04, S00, 1
S00, Trade, 604381.083, 142, B07, S00, 1
S00, Trade, 604389.958, 121, B05, S00, 1
S00, Trade, 604397.167, 123, B08, S00, 1
S00, Trade, 604400.375, 155, B09, S00, 1
S00, Trade, 604402.875, 110, B04, S00, 1
S00, Trade, 604409.125, 113, B06, S00, 1
S00, Trade, 604416.333, 99, B03, S00, 1
S00, Trade, 604423.833, 151, B08, S00, 1
S00, Trade, 604425.792, 129, B09, S00, 1
S00, Trade, 604429.083, 111, B06, S00, 1
S00, Trade, 604435.792, 121, B05, S00, 1
S00, Trade, 604438.667, 159, B09, S00, 1
S00, Trade, 604448.042, 165, B10, S00, 1
S00, Trade, 604460.250, 158, B10, S00, 1
S00, Trade, 604464.667, 121, B05, S00, 1
S00, Trade, 604471.375, 125, B06, S00, 1
S00, Trade, 604473.833, 126, B11, S00, 1
S00, Trade, 604481.625, 117, B05, S00, 1
S00, Trade, 604486.208, 113, B06, S00, 1
S00, Trade, 604493.083, 110, B04, S00, 1
S00, Trade, 604498.083, 112, B11, S00, 1
S00, Trade, 604505.167, 109, B04, S00, 1
S00, Trade, 604512.000, 132, B08, S00, 1
S00, Trade, 604517.000, 153, B09, S00, 1
S00, Trade, 604523.333, 122, B11, S00, 1
S00, Trade, 604530.375, 110, B04, S00, 1
S00, Trade, 604533.208, 111, B05, S00, 1
S00, Trade, 604537.625, 144, B07, S00, 1
S00, Trade, 604543.958, 99, B03, S00, 1
S00, Trade, 604545.708, 109, B04, S00, 1
S00, Trade, 604551.417, 133, B06, S00, 1
S00, Trade, 604557.542, 108, B04, S00, 1
S00, Trade, 604564.583, 117, B07, S00, 1
S00, Trade, 604568.333, 105, B08, S00, 1
S00, Trade, 604572.292, 139, B09, S00, 1
S00, Trade, 604579.375, 124, B06, S00, 1
S00, Trade, 604586.083, 110, B04, S00, 1
S00, Trade, 604587.375, 100, B05, S00, 1
S00, Trade, 604593.625, 99, B03, S00, 1
S00, Trade, 604597.125, 122, B06, S00, 1
S00, Trade, 604607.833, 110, B04, S00, 1
S00, Trade, 604610.625, 128, B09, S00, 1
S00, Trade, 604610.833, 112, B06, S00, 1
S00, Trade, 604617.625, 149, B11, S00, 1
S00, Trade, 604626.667, 110, B04, S00, 1
S00, Trade, 604628.333, 109, B04, S00, 1
S00, Trade, 604631.833, 112, B05, S00, 1
S00, Trade, 604637.583, 94, B03, S00, 1
S00, Trade, 604651.500, 121, B05, S00, 1
S00, Trade, 604656.417, 102, B06, S00, 1
S00, Trade, 604660.125, 138, B08, S00, 1
S00, Trade, 604665.667, 138, B08, S00, 1
S00, Trade, 604671.833, 121, B05, S00, 1
S00, Trade, 604677.375, 96, B03, S00, 1
S00, Trade, 604681.833, 111, B06, S00, 1
S00, Trade, 604683.042, 88, B05, S00, 1
S00, Trade, 604691.500, 113, B11, S00, 1
S00, Trade, 604693.292, 111, B05, S00, 1
S00, Trade, 604699.958, 110, B04, S00, 1
S00, Trade, 604706.208, 141, B11, S00, 1
S00, Trade, 604710.125, 107, B04, S00, 1
S00, Trade, 604716.583, 113, B05, S00, 1
S00, Trade, 604723.958, 110, B04, S00, 1
S00, Trade, 604725.958, 130, B08, S00, 1
S00, Trade, 604730.625, 111, B05, S00, 1
S00, Trade, 604733.542, 110, B04, S00, 1
S00, Trade, 604744.583, 110, B04, S00, 1
S00, Trade, 604745.792, 98, B03, S00, 1
S00, Trade, 604748.208, 108, B04, S00, 1
S00, Trade, 604755.750, 101, B05, S00, 1
S00, Trade, 604759.792, 99, B03, S00, 1
S00, Trade, 604767.875, 108, B04, S00, 1
S00, Trade, 604773.042, 103, B05, S00, 1
S00, Trade, 604778.792, 144, B10, S00, 1
S00, Trade, 604783.208, 120, B11, S00, 1
S00, Trade, 604788.167, 113, B06, S00, 1
S00, Trade, 604793.958, 118, B09, S00, 1
S00, Trade, 604799.458, 111, B11, S00, 1
S01, 100
S01, Trade, 604255.458, 110, B04, S01, 1
S01, Trade, 604262.542, 111, B08, S01, 1
S01, Trade, 604265.458, 119, B07, S01, 1
S01, Trade, 604276.917, 110, B11, S01, 1
S01, Trade, 604282.292, 121, B05, S01, 1
S01, Trade, 604285.125, 111, B06, S01, 1
S01, Trade, 604287.167, 110, B04, S01, 1
S01, Trade, 604292.292, 147, B08, S01, 1
S01, Trade, 604298.667, 141, B07, S01, 1
S01, Trade, 604302.875, 96, B03, S01, 1
S01, Trade, 604313.792, 110, B05, S01, 1
S01, Trade, 604319.667, 112, B06, S01, 1
S01, Trade, 604325.833, 138, B08, S01, 1
S01, Trade, 604326.750, 136, B11, S01, 1
S01, Trade, 604338.667, 109, B04, S01, 1
S01, Trade, 604340.417, 143, B09, S01, 1
S01, Trade, 604341.417, 160, B10, S01, 1
S01, Trade, 604346.833, 128, B09, S01, 1
S01, Trade, 604357.250, 109, B04, S01, 1
S01, Trade, 604364.542, 106, B04, S01, 1
S01, Trade, 604370.042, 121, B05, S01, 1
S01, Trade, 604372.792, 129, S01, B08, 1
S01, Trade, 604379.958, 94, S01, B10, 1
S01, Trade, 604385.000, 127, B06, S01, 1
S01, Trade, 604389.208, 122, B06, S01, 1
S01, Trade, 604393.375, 129, B11, S01, 1
S01, Trade, 604401.917, 133, B06, S01, 1
S01, Trade, 604403.792, 109, B04, S01, 1
S01, Trade, 604411.125, 110, B04, S01, 1
S01, Trade, 604416.125, 105, B11, S01, 1
S01, Trade, 604422.458, 110, B04, S01, 1
S01, Trade, 604426.417, 121, B05, S01, 1
S01, Trade, 604432.167, 140, B07, S01, 1
S01, Trade, 604432.958, 142, B11, S01, 1
S01, Trade, 604441.833, 122, B06, S01, 1
S01, Trade, 604444.000, 146, B08, S01, 1
S01, Trade, 604448.625, 141, B07, S01, 1
S01, Trade, 604458.833, 153, B11, S01, 1
S01, Trade, 604462.958, 143, B08, S01, 1
S01, Trade, 604465.875, 131, B07, S01, 1
S01, Trade, 604468.542, 110, B04, S01, 1
S01, Trade, 604475.292, 112, B06, S01, 1
S01, Trade, 604482.958, 158, B09, S01, 1
S01, Trade, 604488.292, 106, B04, S01, 1
S01, Trade, 604491.500, 155, B09, S01, 1
S01, Trade, 604495.625, 114, B06, S01, 1
S01, Trade, 604502.042, 128, S01, B07, 1
S01, Trade, 604507.958, 133, B06, S01, 1
S01, Trade, 604510.500, 118, S01, B09, 1
S01, Trade, 604518.375, 155, B08, S01, 1
S01, Trade, 604526.667, 113, S01, B11, 1
S01, Trade, 604532.667, 124, S01, B09, 1
S01, Trade, 604541.417, 143, B08, S01, 1
S01, Trade, 604550.292, 139, B10, S01, 1
S01, Trade, 604555.000, 116, B05, S01, 1
S01, Trade, 604557.333, 124, B08, S01, 1
S01, Trade, 604566.417, 113, B06, S01, 1
S01, Trade, 604571.833, 121, B05, S01, 1
S01, Trade, 604576.500, 110, B04, S01, 1
S01, Trade, 604585.375, 133, B06, S01, 1
S01, Trade, 604587.083, 110, S01, B09, 1
S01, Trade, 604590.792, 141, B08, S01, 1
S01, Trade, 604600.292, 117, B08, S01, 1
S01, Trade, 604604.792, 158, B10, S01, 1
S01, Trade, 604609.458, 99, B03, S01, 1
S01, Trade, 604614.292, 99, B06, S01, 1
S01, Trade, 604618.542, 121, B05, S01, 1
S01, Trade, 604624.750, 121, B05, S01, 1
S01, Trade, 604631.250, 126, S01, B09, 1
S01, Trade, 604637.875, 87, B02, S01, 1
S01, Trade, 604640.500, 112, S01, B10, 1
S01, Trade, 604641.125, 97, B03, S01, 1
S01, Trade, 604647.125, 132, B06, S01, 1
S01, Trade, 604652.750, 99, B03, S01, 1
S01, Trade, 604662.167, 99, B03, S01, 1
S01, Trade, 604665.958, 121, B05, S01, 1
S01, Trade, 604667.125, 142, B09, S01, 1
S01, Trade, 604676.667, 111, B08, S01, 1
S01, Trade, 604677.292, 106, B07, S01, 1
S01, Trade, 604686.750, 133, B06, S01, 1
S01, Trade, 604691.667, 112, B05, S01, 1
S01, Trade, 604697.125, 113, S01, B08, 1
S01, Trade, 604702.167, 121, B05, S01, 1
S01, Trade, 604708.167, 125, B06, S01, 1
S01, Trade, 604717.375, 127, S01, B07, 1
S01, Trade, 604719.292, 133, B06, S01, 1
S01, Trade, 604728.625, 156, B09, S01, 1
S01, Trade, 604733.583, 131, S01, B08, 1
S01, Trade, 604739.917, 144, B08, S01, 1
S01, Trade, 604748.083, 141, S01, B09, 1
S01, Trade, 604750.875, 110, B04, S01, 1
S01, Trade, 604753.417, 118, B06, S01, 1
S01, Trade, 604763.417, 125, B07, S01, 1
S01, Trade, 604766.333, 112, B05, S01, 1
S01, Trade, 604772.792, 104, B06, S01, 1
S01, Trade, 604774.375, 141, B09, S01, 1
S01, Trade, 604781.917, 119, B06, S01, 1
S01, Trade, 604785.292, 130, B07, S01, 1
S01, Trade, 604789.250, 138, B09, S01, 1
S01, Trade, 604794.792, 112, B05, S01, 1
S02, 100
S02, Trade, 604273.125, 110, B04, S02, 1
S02, Trade, 604278.167, 133, B06, S02, 1
S02, Trade, 604284.417, 111, B05, S02, 1
S02, Trade, 604290.292, 139, B07, S02, 1
S02, Trade, 604295.167, 100, B05, S02, 1
S02, Trade, 604299.917, 121, B05, S02, 1
S02, Trade, 604305.083, 111, B06, S02, 1
S02, Trade, 604308.625, 115, B05, S02, 1
S02, Trade, 604312.125, 116, B06, S02, 1
S02, Trade, 604318.625, 111, B05, S02, 1
S02, Trade, 604322.417, 104, B08, S02, 1
S02, Trade, 604329.958, 113, B05, S02, 1
S02, Trade, 604334.417, 100, B06, S02, 1
S02, Trade, 604338.583, 121, B05, S02, 1
S02, Trade, 604344.625, 121, B05, S02, 1
S02, Trade, 604349.792, 101, B05, S02, 1
S02, Trade, 604355.000, 109, B06, S02, 1
S02, Trade, 604362.292, 158, B09, S02, 1
S02, Trade, 604362.708, 133, B06, S02, 1
S02, Trade, 604369.917, 147, B11, S02, 1
S02, Trade, 604376.417, 111, B05, S02, 1
S02, Trade, 604381.708, 102, B05, S02, 1
S02, Trade, 604386.500, 142, B11, S02, 1
S02, Trade, 604391.375, 109, B06, S02, 1
S02, Trade, 604392.125, 108, B04, S02, 1
S02, Trade, 604398.458, 121, B05, S02, 1
S02, Trade, 604405.500, 99, B03, S02, 1
S02, Trade, 604414.125, 133, B06, S02, 1
S02, Trade, 604415.917, 121, B05, S02, 1
S02, Trade, 604418.042, 89, S02, B05, 1
S02, Trade, 604429.375, 110, B04, S02, 1
S02, Trade, 604433.958, 133, B06, S02, 1
S02, Trade, 604439.958, 149, B09, S02, 1
S02, Trade, 604446.000, 112, B05, S02, 1
S02, Trade, 604452.458, 123, B06, S02, 1
S02, Trade, 604453.958, 110, B04, S02, 1
S02, Trade, 604460.583, 140, B07, S02, 1
S02, Trade, 604465.792, 134, B08, S02, 1
S02, Trade, 604469.792, 138, B09, S02, 1
S02, Trade, 604477.708, 112, B05, S02, 1
S02, Trade, 604481.208, 117, B06, S02, 1
S02, Trade, 604485.500, 142, B08, S02, 1
S02, Trade, 604492.292, 137, B11, S02, 1
S02, Trade, 604495.750, 113, B05, S02, 1
S02, Trade, 604499.208, 132, B07, S02, 1
S02, Trade, 604508.375, 125, B07, S02, 1
S02, Trade, 604513.458, 110, B04, S02, 1
S02, Trade, 604518.792, 113, B05, S02, 1
S02, Trade, 604520.458, 130, B06, S02, 1
S02, Trade, 604528.667, 111, B05, S02, 1
S02, Trade, 604531.083, 99, B03, S02, 1
S02, Trade, 604536.042, 137, B08, S02, 1
S02, Trade, 604543.583, 110, B04, S02, 1
S02, Trade, 604546.500, 88, B05, S02, 1
S02, Trade, 604552.083, 139, B11, S02, 1
S02, Trade, 604561.625, 121, B05, S02, 1
S02, Trade, 604569.875, 99, B03, S02, 1
S02, Trade, 604573.625, 112, B05, S02, 1
S02, Trade, 604580.375, 116, B05, S02, 1
S02, Trade, 604582.958, 111, B05, S02, 1
S02, Trade, 604592.083, 124, B06, S02, 1
S02, Trade, 604593.458, 106, B11, S02, 1
S02, Trade, 604600.667, 109, B04, S02, 1
S02, Trade, 604601.292, 99, B03, S02, 1
S02, Trade, 604606.750, 112, B05, S02, 1
S02, Trade, 604611.958, 93, S02, B04, 1
S02, Trade, 604620.500, 170, B10, S02, 1
S02, Trade, 604625.333, 118, B07, S02, 1
S02, Trade, 604626.042, 122, B11, S02, 1
S02, Trade, 604635.417, 111, B06, S02, 1
S02, Trade, 604641.083, 98, B07, S02, 1
S02, Trade, 604647.833, 112, B05, S02, 1
S02, Trade, 604654.292, 120, B07, S02, 1
S02, Trade, 604659.625, 121, B05, S02, 1
S02, Trade, 604662.083, 109, B04, S02, 1
S02, Trade, 604671.708, 140, B11, S02, 1
S02, Trade, 604675.750, 99, B06, S02, 1
S02, Trade, 604679.500, 121, B11, S02, 1
S02, Trade, 604682.625, 99, B03, S02, 1
S02, Trade, 604692.667, 153, B10, S02, 1
S02, Trade, 604697.750, 109, B04, S02, 1
S02, Trade, 604699.792, 110, B06, S02, 1
S02, Trade, 604704.417, 156, B09, S02, 1
S02, Trade, 604709.708, 121, B05, S02, 1
S02, Trade, 604714.208, 141, B08, S02, 1
S02, Trade, 604723.292, 113, B05, S02, 1
S02, Trade, 604733.333, 114, B06, S02, 1
S02, Trade, 604738.417, 134, B07, S02, 1
S02, Trade, 604742.208, 121, B05, S02, 1
S02, Trade, 604745.458, 126, B08, S02, 1
S02, Trade, 604748.667, 105, B05, S02, 1
S02, Trade, 604754.958, 107, B04, S02, 1
S02, Trade, 604759.042, 129, B06, S02, 1
S02, Trade, 604768.500, 99, B03, S02, 1
S02, Trade, 604770.917, 91, S02, B07, 1
S02, Trade, 604777.167, 111, B08, S02, 1
S02, Trade, 604782.417, 118, B05, S02, 1
S02, Trade, 604788.417, 112, B05, S02, 1
S02, Trade, 604791.250, 111, B05, S02, 1
S02, Trade, 604796.042, 110, B04, S02, 1
S03, 100
S03, Trade, 604074.625, 101, S03, B04, 1
S03, Trade, 604082.833, 109, B04, S03, 1
S03, Trade, 604086.917, 153, B08, S03, 1
S03, Trade, 604093.250, 142, B08, S03, 1
S03, Trade, 604105.250, 113, B08, S03, 1
S03, Trade, 604111.958, 126, B07, S03, 1
S03, Trade, 604121.042, 112, B06, S03, 1
S03, Trade, 604125.208, 121, B05, S03, 1
S03, Trade, 604129.583, 129, B08, S03, 1
S03, Trade, 604135.208, 151, B10, S03, 1
S03, Trade, 604143.833, 152, B10, S03, 1
S03, Trade, 604162.042, 121, B05, S03, 1
S03, Trade, 604180.917, 136, B07, S03, 1
S03, Trade, 604188.542, 127, B08, S03, 1
S03, Trade, 604194.583, 133, B06, S03, 1
S03, Trade, 604204.292, 120, S03, B07, 1
S03, Trade, 604208.958, 110, B04, S03, 1
S03, Trade, 604213.167, 125, S03, B11, 1
S03, Trade, 604219.125, 102, B05, S03, 1
S03, Trade, 604221.125, 123, S03, B09, 1
S03, Trade, 604225.083, 115, S03, B07, 1
S03, Trade, 604233.167, 136, S03, B08, 1
S03, Trade, 604238.375, 155, B08, S03, 1
S03, Trade, 604249.917, 110, B04, S03, 1
S03, Trade, 604259.083, 114, S03, B07, 1
S03, Trade, 604264.875, 137, B09, S03, 1
S03, Trade, 604268.583, 110, B04, S03, 1
S03, Trade, 604276.167, 121, B05, S03, 1
S03, Trade, 604292.750, 110, S03, B10, 1
S03, Trade, 604297.250, 155, B08, S03, 1
S03, Trade, 604300.417, 143, B08, S03, 1
S03, Trade, 604302.042, 137, B08, S03, 1
S03, Trade, 604312.583, 143, B07, S03, 1
S03, Trade, 604316.417, 126, B11, S03, 1
S03, Trade, 604320.417, 124, B09, S03, 1
S03, Trade, 604330.792, 109, B04, S03, 1
S03, Trade, 604333.042, 99, S03, B08, 1
S03, Trade, 604345.875, 119, S03, B11, 1
S03, Trade, 604352.458, 120, S03, B08, 1
S03, Trade, 604356.167, 106, S03, B08, 1
S03, Trade, 604358.875, 165, B10, S03, 1
S03, Trade, 604364.792, 138, B07, S03, 1
S03, Trade, 604367.667, 122, S03, B08, 1
S03, Trade, 604376.833, 135, B09, S03, 1
S03, Trade, 604378.542, 106, S03, B04, 1
S03, Trade, 604384.042, 141, B08, S03, 1
S03, Trade, 604406.667, 118, S03, B09, 1
S03, Trade, 604417.583, 120, S03, B08, 1
S03, Trade, 604421.458, 112, B06, S03, 1
S03, Trade, 604434.917, 145, B08, S03, 1
S03, Trade, 604439.125, 145, B08, S03, 1
S03, Trade, 604450.542, 155, B09, S03, 1
S03, Trade, 604453.583, 127, S03, B09, 1
S03, Trade, 604463.333, 139, B09, S03, 1
S03, Trade, 604483.250, 117, B08, S03, 1
S03, Trade, 604486.375, 110, B05, S03, 1
S03, Trade, 604499.458, 125, B09, S03, 1
S03, Trade, 604503.000, 114, B05, S03, 1
S03, Trade, 604507.708, 142, B11, S03, 1
S03, Trade, 604521.167, 129, B11, S03, 1
S03, Trade, 604530.250, 119, S03, B09, 1
S03, Trade, 604534.250, 111, B06, S03, 1
S03, Trade, 604537.417, 145, B09, S03, 1
S03, Trade, 604542.792, 141, B10, S03, 1
S03, Trade, 604546.792, 113, S03, B10, 1
S03, Trade, 604557.500, 133, S03, B10, 1
S03, Trade, 604563.875, 163, S03, B10, 1
S03, Trade, 604569.083, 111, S03, B07, 1
S03, Trade, 604578.625, 150, S03, B09, 1
S03, Trade, 604594.750, 124, B08, S03, 1
S03, Trade, 604595.375, 112, B06, S03, 1
S03, Trade, 604604.917, 133, B06, S03, 1
S03, Trade, 604609.917, 123, S03, B08, 1
S03, Trade, 604613.667, 122, S03, B09, 1
S03, Trade, 604625.417, 126, S03, B09, 1
S03, Trade, 604628.833, 114, S03, B08, 1
S03, Trade, 604637.750, 103, S03, B04, 1
S03, Trade, 604646.458, 138, S03, B09, 1
S03, Trade, 604652.250, 107, B04, S03, 1
S03, Trade, 604654.917, 164, B09, S03, 1
S03, Trade, 604663.583, 155, B09, S03, 1
S03, Trade, 604671.208, 130, B06, S03, 1
S03, Trade, 604675.333, 110, B04, S03, 1
S03, Trade, 604683.708, 136, B07, S03, 1
S03, Trade, 604688.833, 166, B11, S03, 1
S03, Trade, 604690.333, 133, B06, S03, 1
S03, Trade, 604697.917, 141, B07, S03, 1
S03, Trade, 604703.375, 122, S03, B08, 1
S03, Trade, 604712.250, 102, B06, S03, 1
S03, Trade, 604720.167, 145, S03, B09, 1
S03, Trade, 604725.333, 158, B11, S03, 1
S03, Trade, 604735.167, 104, S03, B09, 1
S03, Trade, 604741.875, 135, S03, B10, 1
S03, Trade, 604759.583, 121, B09, S03, 1
S03, Trade, 604762.667, 113, B05, S03, 1
S03, Trade, 604767.042, 112, B06, S03, 1
S03, Trade, 604777.208, 138, S03, B09, 1
S03, Trade, 604786.833, 116, S03, B10, 1
S03, Trade, 604788.917, 112, B07, S03, 1
S03, Trade, 604796.125, 149, S03, B11, 1
S04, 100
S04, Trade, 604184.167, 131, B09, S04, 1
S04, Trade, 604192.042, 122, S04, B09, 1
S04, Trade, 604194.333, 137, B08, S04, 1
S04, Trade, 604207.292, 133, S04, B10, 1
S04, Trade, 604208.708, 130, S04, B11, 1
S04, Trade, 604213.667, 131, B08, S04, 1
S04, Trade, 604220.542, 132, S04, B08, 1
S04, Trade, 604226.458, 119, S04, B08, 1
S04, Trade, 604230.208, 124, B10, S04, 1
S04, Trade, 604235.167, 135, B09, S04, 1
S04, Trade, 604245.125, 126, S04, B10, 1
S04, Trade, 604250.083, 139, S04, B09, 1
S04, Trade, 604256.583, 110, S04, B10, 1
S04, Trade, 604258.208, 126, S04, B09, 1
S04, Trade, 604277.708, 138, B08, S04, 1
S04, Trade, 604282.042, 124, S04, B08, 1
S04, Trade, 604290.458, 133, B06, S04, 1
S04, Trade, 604294.250, 134, B11, S04, 1
S04, Trade, 604297.125, 163, S04, B11, 1
S04, Trade, 604305.542, 144, B07, S04, 1
S04, Trade, 604310.583, 136, S04, B08, 1
S04, Trade, 604314.667, 135, S04, B10, 1
S04, Trade, 604322.458, 129, S04, B09, 1
S04, Trade, 604327.333, 141, B07, S04, 1
S04, Trade, 604332.667, 119, S04, B09, 1
S04, Trade, 604343.750, 117, S04, B08, 1
S04, Trade, 604355.792, 117, B07, S04, 1
S04, Trade, 604358.542, 147, B11, S04, 1
S04, Trade, 604368.042, 122, S04, B06, 1
S04, Trade, 604371.875, 111, S04, B09, 1
S04, Trade, 604376.667, 152, B11, S04, 1
S04, Trade, 604387.667, 149, B09, S04, 1
S04, Trade, 604399.042, 114, S04, B08, 1
S04, Trade, 604408.917, 117, S04, B08, 1
S04, Trade, 604409.833, 120, S04, B11, 1
S04, Trade, 604420.750, 113, B05, S04, 1
S04, Trade, 604430.625, 124, S04, B11, 1
S04, Trade, 604434.250, 121, B05, S04, 1
S04, Trade, 604442.750, 121, B05, S04, 1
S04, Trade, 604444.958, 124, S04, B11, 1
S04, Trade, 604449.542, 122, B06, S04, 1
S04, Trade, 604456.750, 114, B05, S04, 1
S04, Trade, 604463.875, 133, B06, S04, 1
S04, Trade, 604467.167, 121, B05, S04, 1
S04, Trade, 604472.250, 111, B05, S04, 1
S04, Trade, 604476.583, 136, S04, B08, 1
S04, Trade, 604482.708, 115, B11, S04, 1
S04, Trade, 604490.292, 131, B09, S04, 1
S04, Trade, 604498.250, 139, S04, B10, 1
S04, Trade, 604504.083, 123, S04, B10, 1
S04, Trade, 604511.000, 131, B07, S04, 1
S04, Trade, 604520.417, 135, S04, B08, 1
S04, Trade, 604521.833, 139, S04, B10, 1
S04, Trade, 604526.250, 111, B05, S04, 1
S04, Trade, 604534.125, 125, S04, B11, 1
S04, Trade, 604541.167, 121, B05, S04, 1
S04, Trade, 604544.500, 128, S04, B09, 1
S04, Trade, 604546.125, 148, B09, S04, 1
S04, Trade, 604556.625, 116, S04, B08, 1
S04, Trade, 604562.000, 118, B05, S04, 1
S04, Trade, 604562.917, 132, B11, S04, 1
S04, Trade, 604568.292, 133, B06, S04, 1
S04, Trade, 604577.708, 131, B08, S04, 1
S04, Trade, 604581.333, 136, S04, B07, 1
S04, Trade, 604582.000, 132, B10, S04, 1
S04, Trade, 604585.167, 149, B08, S04, 1
S04, Trade, 604592.625, 110, B04, S04, 1
S04, Trade, 604599.708, 118, S04, B05, 1
S04, Trade, 604600.792, 130, S04, B11, 1
S04, Trade, 604618.292, 133, B06, S04, 1
S04, Trade, 604626.125, 115, B08, S04, 1
S04, Trade, 604630.500, 112, B06, S04, 1
S04, Trade, 604634.917, 128, B07, S04, 1
S04, Trade, 604638.833, 141, S04, B09, 1
S04, Trade, 604647.667, 131, B11, S04, 1
S04, Trade, 604650.375, 124, S04, B11, 1
S04, Trade, 604655.792, 115, S04, B08, 1
S04, Trade, 604659.542, 133, B06, S04, 1
S04, Trade, 604665.292, 142, B11, S04, 1
S04, Trade, 604669.625, 133, B06, S04, 1
S04, Trade, 604678.333, 112, S04, B09, 1
S04, Trade, 604681.333, 122, S04, B08, 1
S04, Trade, 604692.167, 116, S04, B07, 1
S04, Trade, 604697.792, 131, S04, B10, 1
S04, Trade, 604702.500, 110, S04, B09, 1
S04, Trade, 604710.542, 110, S04, B08, 1
S04, Trade, 604714.375, 110, S04, B04, 1
S04, Trade, 604721.583, 112, S04, B09, 1
S04, Trade, 604728.708, 133, B06, S04, 1
S04, Trade, 604732.250, 133, S04, B09, 1
S04, Trade, 604736.583, 136, B11, S04, 1
S04, Trade, 604742.167, 123, B06, S04, 1
S04, Trade, 604743.833, 127, B11, S04, 1
S04, Trade, 604753.708, 140, B09, S04, 1
S04, Trade, 604765.000, 113, S04, B08, 1
S04, Trade, 604772.583, 114, S04, B08, 1
S04, Trade, 604779.917, 128, S04, B09, 1
S04, Trade, 604788.750, 126, S04, B11, 1
S04, Trade, 604796.708, 142, B11, S04, 1
S04, Trade, 604798.500, 136, S04, B07, 1
S05, 100
S05, Trade, 597209.875, 132, S05, B09, 1
S05, Trade, 597214.250, 131, S05, B10, 1
S05, Trade, 597222.458, 127, S05, B07, 1
S05, Trade, 597223.958, 121, S05, B09, 1
S05, Trade, 597227.000, 128, S05, B09, 1
S05, Trade, 597244.542, 121, S05, B07, 1
S05, Trade, 597266.667, 121, S05, B08, 1
S05, Trade, 597273.750, 163, S05, B10, 1
S05, Trade, 597282.375, 138, S05, B10, 1
S05, Trade, 597303.375, 133, S05, B08, 1
S05, Trade, 597307.125, 129, S05, B07, 1
S05, Trade, 597315.125, 132, S05, B10, 1
S05, Trade, 597318.667, 130, S05, B08, 1
S05, Trade, 597327.042, 121, S05, B09, 1
S05, Trade, 597333.167, 137, S05, B10, 1
S05, Trade, 597344.083, 157, S05, B10, 1
S05, Trade, 597348.458, 126, S05, B09, 1
S05, Trade, 597364.417, 133, S05, B07, 1
S05, Trade, 597371.417, 167, S05, B10, 1
S05, Trade, 597377.833, 138, S05, B09, 1
S05, Trade, 597391.042, 132, S05, B10, 1
S05, Trade, 597413.708, 137, S05, B10, 1
S05, Trade, 597420.917, 132, S05, B10, 1
S05, Trade, 597431.500, 154, S05, B10, 1
S05, Trade, 597447.958, 158, S05, B10, 1
S05, Trade, 597457.708, 149, S05, B10, 1
S05, Trade, 597458.000, 149, S05, B09, 1
S05, Trade, 597472.042, 138, S05, B08, 1
S05, Trade, 597478.000, 130, S05, B07, 1
S05, Trade, 597481.458, 158, S05, B10, 1
S05, Trade, 597487.750, 129, S05, B09, 1
S05, Trade, 597500.417, 135, S05, B09, 1
S05, Trade, 597501.250, 132, S05, B10, 1
S05, Trade, 597510.292, 133, B06, S05, 1
S05, Trade, 597521.875, 121, S05, B08, 1
S05, Trade, 597528.083, 154, S05, B10, 1
S05, Trade, 597544.000, 138, S05, B08, 1
S05, Trade, 597549.625, 134, S05, B10, 1
S05, Trade, 597555.000, 165, S05, B10, 1
S05, Trade, 597566.708, 138, S05, B10, 1
S05, Trade, 597571.958, 128, S05, B09, 1
S05, Trade, 597578.292, 127, S05, B09, 1
S05, Trade, 597591.708, 121, S05, B08, 1
S05, Trade, 597596.875, 132, S05, B09, 1
S05, Trade, 597598.583, 130, S05, B10, 1
S05, Trade, 597602.208, 169, S05, B10, 1
S05, Trade, 597706.583, 128, S05, B11, 1
S05, Trade, 597828.000, 127, B09, S05, 1
S05, Trade, 597886.625, 142, S05, B10, 1
S05, Trade, 597938.708, 140, B09, S05, 1
S05, Trade, 598085.000, 138, B08, S05, 1
S05, Trade, 598434.167, 125, S05, B11, 1
S05, Trade, 598806.875, 136, B11, S05, 1
S05, Trade, 598874.250, 135, S05, B07, 1
S05, Trade, 599023.583, 139, B07, S05, 1
S05, Trade, 599119.750, 126, S05, B08, 1
S05, Trade, 599184.042, 141, S05, B11, 1
S05, Trade, 599662.500, 153, B08, S05, 1
S05, Trade, 600018.625, 147, B09, S05, 1
S05, Trade, 600057.708, 167, S05, B10, 1
S05, Trade, 600072.250, 159, S05, B10, 1
S05, Trade, 600184.333, 165, S05, B09, 1
S05, Trade, 600211.542, 153, S05, B10, 1
S05, Trade, 600250.750, 149, S05, B10, 1
S05, Trade, 601042.917, 135, S05, B10, 1
S05, Trade, 601266.917, 140, B09, S05, 1
S05, Trade, 601474.875, 143, S05, B10, 1
S05, Trade, 601676.667, 136, S05, B09, 1
S05, Trade, 601684.875, 143, S05, B09, 1
S05, Trade, 601770.875, 160, S05, B11, 1
S05, Trade, 601787.333, 162, S05, B10, 1
S05, Trade, 601974.708, 154, B09, S05, 1
S05, Trade, 602069.542, 137, S05, B09, 1
S05, Trade, 602124.333, 132, S05, B10, 1
S05, Trade, 602230.625, 148, B08, S05, 1
S05, Trade, 602299.375, 144, S05, B08, 1
S05, Trade, 602518.500, 148, S05, B10, 1
S05, Trade, 602536.167, 139, S05, B08, 1
S05, Trade, 602698.125, 148, S05, B09, 1
S05, Trade, 602787.667, 133, B06, S05, 1
S05, Trade, 602793.167, 162, S05, B10, 1
S05, Trade, 602897.708, 160, S05, B10, 1
S05, Trade, 602904.875, 140, S05, B11, 1
S05, Trade, 602915.167, 129, S05, B07, 1
S05, Trade, 603181.042, 142, S05, B08, 1
S05, Trade, 603319.875, 132, S05, B09, 1
S05, Trade, 603374.208, 140, B11, S05, 1
S05, Trade, 603381.292, 155, S05, B09, 1
S05, Trade, 603411.958, 168, S05, B10, 1
S05, Trade, 603471.000, 146, S05, B10, 1
S05, Trade, 603662.375, 144, B08, S05, 1
S05, Trade, 603683.667, 147, B09, S05, 1
S05, Trade, 603783.042, 133, B06, S05, 1
S05, Trade, 604025.833, 144, B09, S05, 1
S05, Trade, 604034.333, 137, S05, B09, 1
S05, Trade, 604265.042, 133, B06, S05, 1
S05, Trade, 604323.333, 132, S05, B10, 1
S05, Trade, 604334.042, 127, S05, B11, 1
S05, Trade, 604719.042, 138, B08, S05, 1
S05, Trade, 604732.542, 169, S05, B10, 1
S06, 100
S06, Trade, 604031.125, 167, B09, S06, 1
S06, Trade, 604049.875, 133, S06, B08, 1
S06, Trade, 604056.125, 148, S06, B10, 1
S06, Trade, 604067.708, 133, S06, B09, 1
S06, Trade, 604077.375, 141, S06, B10, 1
S06, Trade, 604099.833, 140, S06, B10, 1
S06, Trade, 604102.167, 163, S06, B11, 1
S06, Trade, 604104.375, 143, S06, B10, 1
S06, Trade, 604113.875, 142, S06, B10, 1
S06, Trade, 604122.167, 133, S06, B09, 1
S06, Trade, 604130.000, 160, S06, B09, 1
S06, Trade, 604138.708, 141, B07, S06, 1
S06, Trade, 604149.625, 142, S06, B09, 1
S06, Trade, 604155.083, 166, S06, B10, 1
S06, Trade, 604167.083, 141, S06, B10, 1
S06, Trade, 604170.542, 165, S06, B10, 1
S06, Trade, 604178.792, 133, S06, B10, 1
S06, Trade, 604185.958, 141, S06, B11, 1
S06, Trade, 604188.875, 155, S06, B10, 1
S06, Trade, 604198.208, 166, S06, B11, 1
S06, Trade, 604206.417, 145, S06, B08, 1
S06, Trade, 604213.583, 133, S06, B09, 1
S06, Trade, 604215.125, 141, S06, B10, 1
S06, Trade, 604238.083, 159, S06, B09, 1
S06, Trade, 604244.250, 133, S06, B09, 1
S06, Trade, 604246.208, 156, S06, B11, 1
S06, Trade, 604259.917, 133, S06, B08, 1
S06, Trade, 604267.167, 164, S06, B10, 1
S06, Trade, 604274.792, 148, B08, S06, 1
S06, Trade, 604280.667, 143, S06, B10, 1
S06, Trade, 604286.042, 143, S06, B09, 1
S06, Trade, 604295.625, 145, S06, B09, 1
S06, Trade, 604299.417, 159, S06, B10, 1
S06, Trade, 604309.875, 149, S06, B10, 1
S06, Trade, 604311.667, 149, S06, B11, 1
S06, Trade, 604316.625, 133, S06, B09, 1
S06, Trade, 604329.292, 152, S06, B09, 1
S06, Trade, 604346.875, 143, S06, B10, 1
S06, Trade, 604349.250, 153, S06, B10, 1
S06, Trade, 604357.625, 133, S06, B08, 1
S06, Trade, 604363.542, 133, S06, B09, 1
S06, Trade, 604373.958, 133, S06, B07, 1
S06, Trade, 604382.000, 145, S06, B08, 1
S06, Trade, 604385.250, 144, S06, B10, 1
S06, Trade, 604392.625, 133, S06, B10, 1
S06, Trade, 604400.708, 156, S06, B10, 1
S06, Trade, 604405.208, 142, S06, B08, 1
S06, Trade, 604412.333, 162, S06, B10, 1
S06, Trade, 604418.292, 133, S06, B07, 1
S06, Trade, 604425.625, 162, S06, B10, 1
S06, Trade, 604430.375, 136, S06, B09, 1
S06, Trade, 604443.125, 138, S06, B07, 1
S06, Trade, 604449.750, 143, S06, B08, 1
S06, Trade, 604466.083, 142, S06, B10, 1
S06, Trade, 604471.208, 141, S06, B08, 1
S06, Trade, 604473.625, 142, S06, B10, 1
S06, Trade, 604477.417, 162, S06, B09, 1
S06, Trade, 604484.667, 143, S06, B10, 1
S06, Trade, 604494.375, 135, S06, B07, 1
S06, Trade, 604497.667, 138, S06, B08, 1
S06, Trade, 604508.250, 165, S06, B10, 1
S06, Trade, 604512.708, 144, S06, B10, 1
S06, Trade, 604523.750, 144, S06, B09, 1
S06, Trade, 604528.708, 135, S06, B08, 1
S06, Trade, 604534.750, 133, S06, B10, 1
S06, Trade, 604545.083, 133, S06, B06, 1
S06, Trade, 604554.708, 133, S06, B09, 1
S06, Trade, 604574.833, 145, S06, B08, 1
S06, Trade, 604580.792, 154, S06, B09, 1
S06, Trade, 604589.417, 144, S06, B11, 1
S06, Trade, 604600.208, 133, S06, B09, 1
S06, Trade, 604607.625, 166, S06, B10, 1
S06, Trade, 604611.208, 133, S06, B10, 1
S06, Trade, 604626.292, 133, S06, B10, 1
S06, Trade, 604631.500, 133, S06, B08, 1
S06, Trade, 604642.333, 133, S06, B08, 1
S06, Trade, 604645.958, 133, S06, B10, 1
S06, Trade, 604650.417, 133, S06, B08, 1
S06, Trade, 604659.000, 144, S06, B11, 1
S06, Trade, 604668.250, 146, S06, B10, 1
S06, Trade, 604672.667, 140, S06, B08, 1
S06, Trade, 604677.167, 133, S06, B10, 1
S06, Trade, 604682.167, 137, S06, B10, 1
S06, Trade, 604684.542, 141, S06, B10, 1
S06, Trade, 604695.333, 140, S06, B09, 1
S06, Trade, 604699.500, 142, S06, B09, 1
S06, Trade, 604708.042, 141, S06, B09, 1
S06, Trade, 604710.000, 133, S06, B10, 1
S06, Trade, 604717.792, 133, S06, B11, 1
S06, Trade, 604724.500, 171, S06, B10, 1
S06, Trade, 604737.542, 138, S06, B10, 1
S06, Trade, 604743.542, 146, S06, B09, 1
S06, Trade, 604752.292, 166, S06, B10, 1
S06, Trade, 604761.250, 163, S06, B10, 1
S06, Trade, 604763.792, 133, S06, B09, 1
S06, Trade, 604767.750, 165, S06, B10, 1
S06, Trade, 604782.167, 133, S06, B10, 1
S06, Trade, 604784.583, 143, S06, B08, 1
S06, Trade, 604793.667, 155, S06, B10, 1
S06, Trade, 604799.917, 143, S06, B09, 1
S07, 100
S07, Trade, 603971.917, 145, S07, B09, 1
S07, Trade, 603980.917, 147, S07, B10, 1
S07, Trade, 603995.167, 145, S07, B08, 1
S07, Trade, 604000.375, 147, S07, B10, 1
S07, Trade, 604004.500, 144, S07, B11, 1
S07, Trade, 604017.417, 151, S07, B09, 1
S07, Trade, 604026.958, 144, S07, B10, 1
S07, Trade, 604039.708, 148, S07, B10, 1
S07, Trade, 604052.417, 145, S07, B08, 1
S07, Trade, 604058.625, 147, S07, B09, 1
S07, Trade, 604062.125, 144, S07, B10, 1
S07, Trade, 604069.083, 146, S07, B08, 1
S07, Trade, 604082.500, 164, B09, S07, 1
S07, Trade, 604084.208, 145, S07, B10, 1
S07, Trade, 604092.667, 147, S07, B10, 1
S07, Trade, 604100.083, 144, S07, B09, 1
S07, Trade, 604109.750, 145, S07, B10, 1
S07, Trade, 604124.167, 146, S07, B10, 1
S07, Trade, 604134.000, 144, S07, B08, 1
S07, Trade, 604137.250, 144, S07, B10, 1
S07, Trade, 604139.708, 153, S07, B11, 1
S07, Trade, 604150.167, 144, S07, B10, 1
S07, Trade, 604158.333, 153, B08, S07, 1
S07, Trade, 604168.292, 144, S07, B08, 1
S07, Trade, 604173.958, 145, S07, B09, 1
S07, Trade, 604186.583, 148, S07, B08, 1
S07, Trade, 604194.750, 147, S07, B10, 1
S07, Trade, 604202.042, 146, B08, S07, 1
S07, Trade, 604209.167, 146, S07, B09, 1
S07, Trade, 604216.292, 147, S07, B09, 1
S07, Trade, 604221.958, 145, S07, B10, 1
S07, Trade, 604231.708, 144, S07, B09, 1
S07, Trade, 604239.667, 152, B11, S07, 1
S07, Trade, 604244.625, 144, S07, B08, 1
S07, Trade, 604247.583, 144, S07, B10, 1
S07, Trade, 604252.708, 146, S07, B09, 1
S07, Trade, 604264.167, 146, S07, B10, 1
S07, Trade, 604269.000, 144, S07, B11, 1
S07, Trade, 604277.292, 148, S07, B09, 1
S07, Trade, 604291.625, 150, S07, B10, 1
S07, Trade, 604298.917, 147, S07, B09, 1
S07, Trade, 604306.333, 155, B09, S07, 1
S07, Trade, 604317.000, 154, S07, B10, 1
S07, Trade, 604329.542, 156, S07, B10, 1
S07, Trade, 604334.875, 147, S07, B08, 1
S07, Trade, 604335.667, 144, S07, B07, 1
S07, Trade, 604337.417, 154, B08, S07, 1
S07, Trade, 604353.250, 144, S07, B10, 1
S07, Trade, 604367.333, 144, B07, S07, 1
S07, Trade, 604369.875, 149, B08, S07, 1
S07, Trade, 604375.792, 144, S07, B10, 1
S07, Trade, 604382.042, 150, S07, B09, 1
S07, Trade, 604385.583, 150, S07, B09, 1
S07, Trade, 604393.792, 166, B09, S07, 1
S07, Trade, 604404.167, 144, S07, B10, 1
S07, Trade, 604413.500, 146, B09, S07, 1
S07, Trade, 604420.000, 144, S07, B10, 1
S07, Trade, 604431.833, 147, S07, B10, 1
S07, Trade, 604436.958, 144, S07, B10, 1
S07, Trade, 604441.083, 151, S07, B10, 1
S07, Trade, 604451.417, 144, S07, B11, 1
S07, Trade, 604457.958, 144, S07, B10, 1
S07, Trade, 604474.917, 149, S07, B10, 1
S07, Trade, 604479.750, 144, S07, B10, 1
S07, Trade, 604489.750, 145, S07, B08, 1
S07, Trade, 604506.500, 144, S07, B08, 1
S07, Trade, 604515.833, 155, S07, B11, 1
S07, Trade, 604529.583, 144, S07, B10, 1
S07, Trade, 604535.333, 148, S07, B10, 1
S07, Trade, 604540.417, 151, S07, B08, 1
S07, Trade, 604557.875, 145, S07, B09, 1
S07, Trade, 604564.167, 157, B09, S07, 1
S07, Trade, 604567.333, 147, S07, B11, 1
S07, Trade, 604575.292, 146, S07, B10, 1
S07, Trade, 604576.083, 144, S07, B11, 1
S07, Trade, 604587.167, 147, S07, B10, 1
S07, Trade, 604591.042, 146, S07, B09, 1
S07, Trade, 604598.750, 144, S07, B10, 1
S07, Trade, 604603.042, 161, B09, S07, 1
S07, Trade, 604618.167, 146, B08, S07, 1
S07, Trade, 604627.000, 147, S07, B10, 1
S07, Trade, 604632.750, 145, S07, B10, 1
S07, Trade, 604637.042, 146, S07, B09, 1
S07, Trade, 604643.708, 152, B08, S07, 1
S07, Trade, 604651.083, 164, S07, B10, 1
S07, Trade, 604662.708, 148, S07, B10, 1
S07, Trade, 604672.875, 146, S07, B09, 1
S07, Trade, 604687.958, 145, S07, B08, 1
S07, Trade, 604689.500, 144, S07, B08, 1
S07, Trade, 604701.250, 144, B11, S07, 1
S07, Trade, 604714.042, 146, S07, B10, 1
S07, Trade, 604718.958, 163, B10, S07, 1
S07, Trade, 604744.542, 147, S07, B10, 1
S07, Trade, 604751.875, 150, S07, B11, 1
S07, Trade, 604756.833, 148, B08, S07, 1
S07, Trade, 604767.583, 144, S07, B11, 1
S07, Trade, 604771.208, 144, S07, B10, 1
S07, Trade, 604774.250, 146, S07, B11, 1
S07, Trade, 604790.375, 153, B08, S07, 1
S07, Trade, 604796.292, 151, S07, B08, 1
S08, 100
S08, Trade, 596594.792, 155, S08, B09, 1
S08, Trade, 596653.792, 168, B10, S08, 1
S08, Trade, 596696.500, 158, S08, B10, 1
S08, Trade, 596726.333, 173, S08, B10, 1
S08, Trade, 596729.458, 172, S08, B10, 1
S08, Trade, 596751.833, 162, S08, B10, 1
S08, Trade, 596902.542, 172, S08, B10, 1
S08, Trade, 596940.875, 166, B10, S08, 1
S08, Trade, 597066.125, 166, S08, B10, 1
S08, Trade, 597338.625, 168, B10, S08, 1
S08, Trade, 597368.333, 160, S08, B09, 1
S08, Trade, 597383.417, 162, S08, B10, 1
S08, Trade, 597468.958, 165, B09, S08, 1
S08, Trade, 597584.875, 160, S08, B10, 1
S08, Trade, 597728.583, 174, B10, S08, 1
S08, Trade, 597771.750, 173, B10, S08, 1
S08, Trade, 597784.542, 166, S08, B10, 1
S08, Trade, 597818.750, 164, S08, B10, 1
S08, Trade, 597919.292, 164, B09, S08, 1
S08, Trade, 597938.917, 165, S08, B10, 1
S08, Trade, 598004.333, 163, S08, B10, 1
S08, Trade, 598145.250, 166, S08, B10, 1
S08, Trade, 598230.417, 158, S08, B09, 1
S08, Trade, 598309.167, 169, S08, B10, 1
S08, Trade, 598335.625, 164, S08, B09, 1
S08, Trade, 598413.625, 160, S08, B09, 1
S08, Trade, 598440.667, 158, S08, B10, 1
S08, Trade, 598523.625, 166, S08, B10, 1
S08, Trade, 598607.667, 155, S08, B10, 1
S08, Trade, 598620.042, 162, S08, B11, 1
S08, Trade, 598622.250, 155, S08, B10, 1
S08, Trade, 598633.542, 168, B10, S08, 1
S08, Trade, 598942.542, 157, S08, B10, 1
S08, Trade, 598956.292, 161, S08, B10, 1
S08, Trade, 598985.875, 155, B09, S08, 1
S08, Trade, 599092.625, 157, S08, B09, 1
S08, Trade, 599346.250, 159, S08, B09, 1
S08, Trade, 599420.083, 155, B08, S08, 1
S08, Trade, 599444.208, 163, S08, B10, 1
S08, Trade, 599621.500, 168, B10, S08, 1
S08, Trade, 599644.333, 161, S08, B10, 1
S08, Trade, 599793.625, 170, B10, S08, 1
S08, Trade, 599919.875, 162, S08, B11, 1
S08, Trade, 599982.917, 168, B10, S08, 1
S08, Trade, 600143.125, 161, B09, S08, 1
S08, Trade, 600203.667, 170, B10, S08, 1
S08, Trade, 600234.125, 170, S08, B11, 1
S08, Trade, 600462.500, 164, B10, S08, 1
S08, Trade, 600563.292, 164, B09, S08, 1
S08, Trade, 600586.417, 162, S08, B09, 1
S08, Trade, 600836.333, 164, B10, S08, 1
S08, Trade, 600874.792, 158, S08, B10, 1
S08, Trade, 600970.042, 155, S08, B09, 1
S08, Trade, 600989.625, 164, S08, B10, 1
S08, Trade, 601177.583, 168, B11, S08, 1
S08, Trade, 601237.667, 156, S08, B09, 1
S08, Trade, 601288.167, 164, S08, B09, 1
S08, Trade, 601380.417, 165, B10, S08, 1
S08, Trade, 601477.667, 158, S08, B11, 1
S08, Trade, 601544.208, 161, S08, B10, 1
S08, Trade, 601825.542, 161, S08, B10, 1
S08, Trade, 601836.417, 156, S08, B09, 1
S08, Trade, 601899.542, 155, S08, B08, 1
S08, Trade, 601905.833, 159, S08, B09, 1
S08, Trade, 602089.375, 157, S08, B09, 1
S08, Trade, 602224.250, 158, S08, B09, 1
S08, Trade, 602251.417, 156, S08, B10, 1
S08, Trade, 602284.792, 161, S08, B10, 1
S08, Trade, 602344.958, 157, S08, B10, 1
S08, Trade, 602351.875, 167, S08, B11, 1
S08, Trade, 602383.083, 165, B10, S08, 1
S08, Trade, 602395.167, 164, B09, S08, 1
S08, Trade, 602589.292, 158, S08, B10, 1
S08, Trade, 602609.917, 157, S08, B11, 1
S08, Trade, 602648.292, 161, S08, B11, 1
S08, Trade, 602687.083, 156, S08, B10, 1
S08, Trade, 602808.917, 159, S08, B10, 1
S08, Trade, 602820.167, 158, S08, B09, 1
S08, Trade, 602884.417, 156, S08, B10, 1
S08, Trade, 602996.542, 171, B10, S08, 1
S08, Trade, 603190.125, 161, S08, B10, 1
S08, Trade, 603268.792, 170, S08, B10, 1
S08, Trade, 603315.958, 158, S08, B10, 1
S08, Trade, 603390.917, 165, B11, S08, 1
S08, Trade, 603445.875, 161, B10, S08, 1
S08, Trade, 603464.583, 159, S08, B09, 1
S08, Trade, 603516.833, 157, S08, B09, 1
S08, Trade, 603651.417, 159, S08, B10, 1
S08, Trade, 603667.042, 162, S08, B09, 1
S08, Trade, 603847.167, 169, S08, B10, 1
S08, Trade, 603905.875, 163, S08, B10, 1
S08, Trade, 603932.750, 170, S08, B10, 1
S08, Trade, 603951.333, 155, S08, B09, 1
S08, Trade, 604069.750, 162, S08, B10, 1
S08, Trade, 604202.958, 160, S08, B10, 1
S08, Trade, 604389.042, 160, S08, B10, 1
S08, Trade, 604415.750, 160, S08, B09, 1
S08, Trade, 604621.500, 155, S08, B09, 1
S08, Trade, 604658.458, 169, B10, S08, 1
S08, Trade, 604794.500, 164, S08, B10, 1
S09, 100
S09, Trade, 599712.167, 167, S09, B10, 1
S09, Trade, 599750.875, 169, B10, S09, 1
S09, Trade, 599762.083, 171, S09, B10, 1
S09, Trade, 599798.625, 168, S09, B10, 1
S09, Trade, 599812.250, 167, S09, B11, 1
S09, Trade, 599818.167, 173, S09, B10, 1
S09, Trade, 599946.833, 168, S09, B10, 1
S09, Trade, 600079.750, 171, B11, S09, 1
S09, Trade, 600087.083, 167, S09, B10, 1
S09, Trade, 600123.750, 167, S09, B10, 1
S09, Trade, 600262.083, 168, S09, B10, 1
S09, Trade, 600290.792, 168, S09, B10, 1
S09, Trade, 600348.667, 167, S09, B10, 1
S09, Trade, 600358.167, 167, S09, B10, 1
S09, Trade, 600405.458, 167, S09, B10, 1
S09, Trade, 600430.875, 167, S09, B09, 1
S09, Trade, 600478.667, 168, S09, B10, 1
S09, Trade, 600520.167, 168, S09, B10, 1
S09, Trade, 600563.125, 171, S09, B10, 1
S09, Trade, 600590.917, 174, B10, S09, 1
S09, Trade, 600608.542, 167, S09, B10, 1
S09, Trade, 600629.208, 167, S09, B10, 1
S09, Trade, 600673.667, 169, S09, B10, 1
S09, Trade, 600763.958, 171, S09, B10, 1
S09, Trade, 600883.875, 167, S09, B10, 1
S09, Trade, 600887.125, 170, B10, S09, 1
S09, Trade, 600957.667, 170, B10, S09, 1
S09, Trade, 600976.000, 170, S09, B10, 1
S09, Trade, 601053.083, 167, S09, B10, 1
S09, Trade, 601102.208, 167, S09, B10, 1
S09, Trade, 601134.458, 169, S09, B11, 1
S09, Trade, 601176.250, 167, S09, B10, 1
S09, Trade, 601197.292, 172, S09, B10, 1
S09, Trade, 601200.083, 168, S09, B11, 1
S09, Trade, 601320.292, 171, S09, B10, 1
S09, Trade, 601360.125, 167, S09, B10, 1
S09, Trade, 601387.833, 167, S09, B11, 1
S09, Trade, 601408.917, 168, S09, B10, 1
S09, Trade, 601469.292, 167, S09, B10, 1
S09, Trade, 601516.667, 175, S09, B10, 1
S09, Trade, 601626.250, 171, S09, B10, 1
S09, Trade, 601632.375, 174, B10, S09, 1
S09, Trade, 601667.292, 169, S09, B10, 1
S09, Trade, 601744.833, 167, S09, B10, 1
S09, Trade, 601764.125, 167, S09, B10, 1
S09, Trade, 601991.458, 169, S09, B11, 1
S09, Trade, 602031.125, 167, S09, B10, 1
S09, Trade, 602106.917, 167, S09, B11, 1
S09, Trade, 602137.667, 167, S09, B10, 1
S09, Trade, 602245.333, 173, B10, S09, 1
S09, Trade, 602269.750, 169, S09, B10, 1
S09, Trade, 602306.833, 167, S09, B10, 1
S09, Trade, 602425.458, 172, S09, B11, 1
S09, Trade, 602559.167, 169, S09, B10, 1
S09, Trade, 602576.792, 167, S09, B10, 1
S09, Trade, 602597.042, 168, S09, B10, 1
S09, Trade, 602633.917, 168, S09, B10, 1
S09, Trade, 602773.792, 167, S09, B10, 1
S09, Trade, 602781.083, 169, S09, B11, 1
S09, Trade, 602915.750, 167, S09, B10, 1
S09, Trade, 603040.375, 170, S09, B10, 1
S09, Trade, 603131.875, 172, S09, B10, 1
S09, Trade, 603138.125, 178, S09, B10, 1
S09, Trade, 603242.542, 173, B10, S09, 1
S09, Trade, 603332.917, 171, S09, B10, 1
S09, Trade, 603498.667, 170, S09, B10, 1
S09, Trade, 603555.042, 167, S09, B10, 1
S09, Trade, 603574.542, 170, S09, B10, 1
S09, Trade, 603599.125, 168, S09, B10, 1
S09, Trade, 603612.583, 167, S09, B10, 1
S09, Trade, 603620.583, 170, S09, B10, 1
S09, Trade, 603675.833, 168, S09, B10, 1
S09, Trade, 603733.833, 167, S09, B10, 1
S09, Trade, 603762.875, 170, S09, B10, 1
S09, Trade, 603786.083, 167, S09, B10, 1
S09, Trade, 603789.208, 171, S09, B10, 1
S09, Trade, 603798.708, 168, S09, B10, 1
S09, Trade, 603824.625, 171, S09, B10, 1
S09, Trade, 603851.542, 167, B09, S09, 1
S09, Trade, 603861.792, 167, S09, B10, 1
S09, Trade, 603922.667, 167, S09, B10, 1
S09, Trade, 603995.542, 167, S09, B10, 1
S09, Trade, 604145.375, 168, S09, B10, 1
S09, Trade, 604272.125, 170, S09, B10, 1
S09, Trade, 604283.125, 167, S09, B10, 1
S09, Trade, 604304.042, 170, B10, S09, 1
S09, Trade, 604334.958, 168, S09, B10, 1
S09, Trade, 604360.042, 167, S09, B11, 1
S09, Trade, 604365.542, 167, S09, B10, 1
S09, Trade, 604370.625, 178, S09, B10, 1
S09, Trade, 604382.167, 167, S09, B11, 1
S09, Trade, 604414.958, 167, S09, B10, 1
S09, Trade, 604453.208, 168, S09, B10, 1
S09, Trade, 604491.875, 167, S09, B10, 1
S09, Trade, 604516.583, 170, S09, B10, 1
S09, Trade, 604570.458, 174, B10, S09, 1
S09, Trade, 604593.708, 168, S09, B10, 1
S09, Trade, 604654.875, 167, S09, B10, 1
S09, Trade, 604702.875, 168, S09, B10, 1
S09, Trade, 604754.542, 169, S09, B10, 1
S10, 100
S10, Trade, 519449.750, 183, S10, B11, 1
S10, Trade, 519477.792, 179, S10, B11, 1
S10, Trade, 519809.458, 180, S10, B11, 1
S10, Trade, 519941.125, 180, S10, B11, 1
S10, Trade, 520212.792, 180, S10, B11, 1
S10, Trade, 520749.208, 183, S10, B11, 1
S10, Trade, 520885.042, 182, S10, B11, 1
S10, Trade, 520946.458, 180, S10, B11, 1
S10, Trade, 520953.000, 178, S10, B11, 1
S10, Trade, 521088.042, 188, B11, S10, 1
S10, Trade, 521286.542, 180, B11, S10, 1
S10, Trade, 521379.000, 180, S10, B11, 1
S10, Trade, 521840.042, 178, S10, B11, 1
S10, Trade, 521919.917, 180, S10, B11, 1
S10, Trade, 521940.750, 182, S10, B11, 1
S10, Trade, 522139.583, 181, S10, B11, 1
S10, Trade, 522319.250, 179, S10, B11, 1
S10, Trade, 522461.042, 178, S10, B11, 1
S10, Trade, 522642.792, 179, S10, B11, 1
S10, Trade, 522723.542, 186, S10, B11, 1
S10, Trade, 522794.833, 179, S10, B11, 1
S10, Trade, 522805.708, 178, S10, B11, 1
S10, Trade, 523201.417, 178, S10, B11, 1
S10, Trade, 523212.417, 185, S10, B11, 1
S10, Trade, 523441.542, 181, S10, B11, 1
S10, Trade, 523526.708, 178, S10, B10, 1
S10, Trade, 523542.833, 185, S10, B11, 1
S10, Trade, 524007.667, 182, S10, B11, 1
S10, Trade, 524132.333, 178, S10, B11, 1
S10, Trade, 524681.583, 178, S10, B11, 1
S10, Trade, 525075.083, 178, S10, B11, 1
S10, Trade, 525103.375, 183, S10, B11, 1
S10, Trade, 525137.208, 180, S10, B11, 1
S10, Trade, 525177.375, 185, S10, B11, 1
S10, Trade, 525311.208, 181, S10, B11, 1
S10, Trade, 525528.667, 179, S10, B11, 1
S10, Trade, 528551.042, 181, B11, S10, 1
S10, Trade, 528890.125, 184, B11, S10, 1
S10, Trade, 531627.208, 178, S10, B10, 1
S10, Trade, 549342.958, 179, S10, B11, 1
S10, Trade, 550190.083, 178, S10, B11, 1
S10, Trade, 551640.333, 180, S10, B11, 1
S10, Trade, 553351.000, 183, S10, B11, 1
S10, Trade, 561672.250, 180, S10, B11, 1
S10, Trade, 561717.583, 179, S10, B11, 1
S10, Trade, 562023.833, 178, S10, B11, 1
S10, Trade, 562255.292, 179, S10, B11, 1
S10, Trade, 562641.458, 180, S10, B11, 1
S10, Trade, 562734.250, 179, S10, B11, 1
S10, Trade, 562750.083, 179, S10, B11, 1
S10, Trade, 562798.708, 180, S10, B11, 1
S10, Trade, 562929.750, 181, S10, B11, 1
S10, Trade, 563292.625, 183, S10, B11, 1
S10, Trade, 563319.375, 178, S10, B11, 1
S10, Trade, 563376.333, 185, S10, B11, 1
S10, Trade, 563434.042, 178, S10, B11, 1
S10, Trade, 563534.667, 178, S10, B11, 1
S10, Trade, 563580.542, 178, S10, B11, 1
S10, Trade, 563594.708, 180, S10, B11, 1
S10, Trade, 563636.875, 189, B11, S10, 1
S10, Trade, 563682.208, 179, S10, B11, 1
S10, Trade, 563764.750, 183, S10, B11, 1
S10, Trade, 563893.500, 187, B11, S10, 1
S10, Trade, 563935.542, 179, S10, B11, 1
S10, Trade, 564073.458, 179, S10, B11, 1
S10, Trade, 564101.167, 182, S10, B11, 1
S10, Trade, 564206.708, 183, S10, B11, 1
S10, Trade, 564318.375, 181, S10, B11, 1
S10, Trade, 564452.208, 183, S10, B11, 1
S10, Trade, 564690.083, 179, S10, B11, 1
S10, Trade, 564711.542, 179, S10, B11, 1
S10, Trade, 564907.000, 183, S10, B11, 1
S10, Trade, 565044.042, 184, S10, B11, 1
S10, Trade, 565428.458, 180, S10, B11, 1
S10, Trade, 565669.583, 180, S10, B11, 1
S10, Trade, 566145.333, 185, S10, B11, 1
S10, Trade, 566183.458, 180, S10, B11, 1
S10, Trade, 566387.250, 179, S10, B11, 1
S10, Trade, 566582.458, 178, B10, S10, 1
S10, Trade, 566606.333, 181, S10, B11, 1
S10, Trade, 566676.708, 188, B11, S10, 1
S10, Trade, 566710.042, 178, S10, B11, 1
S10, Trade, 566845.667, 183, S10, B11, 1
S10, Trade, 566903.833, 179, S10, B11, 1
S10, Trade, 566962.167, 180, S10, B11, 1
S10, Trade, 567025.375, 179, S10, B11, 1
S10, Trade, 567200.875, 183, S10, B11, 1
S10, Trade, 567329.625, 185, S10, B11, 1
S10, Trade, 567458.042, 182, S10, B11, 1
S10, Trade, 567673.833, 181, S10, B11, 1
S10, Trade, 567743.375, 180, S10, B11, 1
S10, Trade, 567954.208, 183, S10, B11, 1
S10, Trade, 567963.875, 183, S10, B11, 1
S10, Trade, 568164.625, 178, S10, B11, 1
S10, Trade, 568227.917, 186, S10, B11, 1
S10, Trade, 568319.250, 178, S10, B11, 1
S10, Trade, 568422.917, 184, S10, B11, 1
S10, Trade, 568697.083, 181, S10, B11, 1
S10, Trade, 568718.667, 179, S10, B11, 1
S10, Trade, 580296.500, 178, S10, B10, 1
S11, 15
S11, Trade, 152893.875, 190, S11, B11, 1
S11, Trade, 153103.083, 190, S11, B11, 1
S11, Trade, 154943.708, 190, S11, B11, 1
S11, Trade, 156373.792, 190, S11, B11, 1
S11, Trade, 157425.458, 190, S11, B11, 1
S11, Trade, 201606.792, 226, S11, B09, 1
S11, Trade, 222787.125, 270, S11, B11, 1
S11, Trade, 229364.375, 270, B11, S11, 1
S11, Trade, 258772.750, 270, S11, B11, 1
S11, Trade, 317280.500, 270, S11, B11, 1
S11, Trade, 319079.250, 270, S11, B11, 1
S11, Trade, 319603.792, 270, B11, S11, 1
S11, Trade, 322683.500, 270, S11, B11, 1
S11, Trade, 322715.708, 270, S11, B11, 1
S11, Trade, 523812.375, 190, S11, B11, 1
